family,vendor,doc_number,revision,date,title,url,url_kind,confidence,notes
AD797,Analog Devices,AD797,K,"March 2015 per a third-party citation (PatrickBaus PhD thesis bibliography: edition K, month mar, year 2015); not read from the PDF footer","Ultralow Distortion, Ultralow Noise Op Amp Data Sheet AD797",https://www.analog.com/media/en/technical-documentation/data-sheets/ad797.pdf,vendor_current,high,"Current ADI PDF. The uppercase path .../AD797.pdf is the form used by the official KiCad symbol library and many projects. A builder's repo labels the lowercase link 'Rev.K PDF'. A Revision History section is on p.2, but its text was not captured."
AD797,Analog Devices,AD797,K (linked),n/a,AD797 Datasheet and Product Info,https://www.analog.com/en/products/ad797.html,product_page,high,Product page URL confirmed as manufacturer_link in terra-eda-library. The original run reported that it states Rev. K.
AD797,Analog Devices,AD797,unknown,not captured,"Ultralow Distortion, Ultralow Noise Op Amp (AD797)",http://www.analog.com/static/imported-files/data_sheets/AD797.pdf,vendor_legacy,medium,"Legacy ADI URL, seen as the 'Source:' line of the AD797 device in Eagle libraries (enjrolas/eagleAnalyzer, lindblandro/poly). This is a good Wayback Machine seed for older revisions."
AD797,Analog Devices,AD797,K (as indexed by the original run),not captured,"Ultralow Distortion, Ultralow Noise Op Amp Data Sheet AD797 Rev. K",https://www.analog.com/static/imported-files/Data_Sheets/AD797.pdf,vendor_legacy,low,Unconfirmed URL: not re-checked in this pass. The capitalised 'Data_Sheets' variant of the legacy path; the lowercase variant is confirmed above.
AD797,Analog Devices (radiolocman mirror),AD797,K,"uploaded 2016-07-31 (upload date, not print date)","Datasheet AD797 Analog Devices, Revision: K",https://www.radiolocman.com/datasheet/pdf.html?di=35353,third_party_mirror,low,"Unconfirmed URL: not re-checked in this pass. Page-by-page viewer; p.13 'Driving Capacitive Loads', p.9 THD vs frequency. A Rev. K upload in 2016 fits a March 2015 Rev. K date."
AD797,Analog Devices (dicks-website.eu mirror),AD797,K,not captured,"Ultralow Distortion, Ultralow Noise Op Amp Data Sheet AD797 Rev. K",http://www.dicks-website.eu/low_noise_amp_part2/datasheet_AD797A.pdf,third_party_mirror,low,Unconfirmed URL: not re-checked in this pass. Hobbyist mirror.
AD797,Analog Devices (RS Components mirror),AD797,J,not captured,"Ultralow Distortion, Ultralow Noise Op Amp Data Sheet AD797 Rev. J",https://docs.rs-online.com/b77f/0900766b814b7923.pdf,distributor_mirror,low,Unconfirmed URL: not re-checked in this pass. The original run reported a frozen 20-page Rev. J.
AD797,Analog Devices (jouyaelec.ir mirror),AD797,J,not captured,"Ultralow Distortion, Ultralow Noise Op Amp Data Sheet AD797 Rev. J",https://www.jouyaelec.ir/stfiles/getappdocument/1/true/71ba9592-f5f4-42b4-9a7c-4a3b05a0e5e0.pdf,distributor_mirror,low,Unconfirmed URL: not re-checked in this pass. Reported second copy of Rev. J.
AD797,Analog Devices (Manualzz mirror),AD797,I,not captured,AD797 (Rev. I),https://manualzz.com/doc/o/p5onj/ad797--rev.-i--features,third_party_mirror,low,Unconfirmed URL: not re-checked in this pass. The only reported copy of Rev. I.
AD797,Analog Devices (Scribd mirror),AD797,H,about 2010 (the original run's search summary reported copyright 2002–2010),AD797,https://www.scribd.com/doc/48810000/AD797,third_party_mirror,low,Unconfirmed URL: not re-checked in this pass.
AD797,Analog Devices (DigiKey mirror),AD797,G,possibly 2008 (search-summary ©2008 line; unverified),"Ultralow Distortion, Ultralow Noise Op Amp AD797 Rev. G",https://media.digikey.com/pdf/Data%20Sheets/Analog%20Devices%20PDFs/AD797.pdf,distributor_mirror,low,Unconfirmed URL: not re-checked in this pass. Reported frozen Rev. G.
AD797,Analog Devices (alldatasheet mirror),AD797,F (per two search summaries in the original run),not captured,"AD797 Ultralow Distortion, Ultralow Noise Op Amp",https://www.alldatasheet.com/datasheet-pdf/pdf/225476/AD/AD797.html,third_party_mirror,low,"Unconfirmed URL: not re-checked in this pass. 20 pp, 520 KB. IDs 225477/225478/225485 probably point to the same file."
AD797,Analog Devices (Octopart mirror),AD797,E,not captured,"Ultralow Distortion, Ultralow Noise Op Amp AD797 Rev. E",https://datasheet.octopart.com/AD797ARZ-Analog-Devices-datasheet-12470.pdf,distributor_mirror,low,"Unconfirmed URL: not re-checked in this pass. Octopart files it under AD797ARZ, but Octopart's MPN filing does not prove that Rev. E listed Z codes."
AD797,Analog Devices (Octopart mirror),AD797,unknown,not captured,"Ultralow Distortion, Ultralow Noise Op Amp AD797",https://datasheet.octopart.com/AD797BRZ-Analog-Devices-datasheet-9571263.pdf,distributor_mirror,low,Unconfirmed URL: not re-checked in this pass. Also reportedly served as AD797ANZ-...-9571263.pdf.
AD797,Analog Devices (alldatasheet mirror),AD797,C (one search summary; unconfirmed),not captured,"AD797 Ultralow Distortion, Ultralow Noise Op Amp",https://www.alldatasheet.com/datasheet-pdf/pdf/48364/AD/AD797.html,third_party_mirror,low,"Unconfirmed URL: not re-checked in this pass. 16 pp, 406 KB, older layout. ID 48366 is AD797BN."
AD797,Analog Devices (Reichelt mirror),AD797,unknown (old-style asterisked header),not captured,"Ultralow Distortion, Ultralow Noise Op Amp AD797*",https://cdn-reichelt.de/documents/datenblatt/A200/DATASHEET_AD797-AD-EN.pdf,distributor_mirror,low,"Unconfirmed URL: not re-checked in this pass. The asterisk probably marks a patent footnote, which suggests an early revision; this is an inference."
AD797,Analog Devices (om3bc.com mirror),AD797,unknown,not captured,"Ultralow Distortion, Ultralow Noise Op Amp AD797",http://www.om3bc.com/datasheets/ad797.pdf,third_party_mirror,low,Unconfirmed URL: not re-checked in this pass. Ham-radio hobby mirror.
AD797,Analog Devices (datasheetcatalog mirror),AD797,unknown,not captured,AD797 Datasheet pdf - Ultralow Distortion Ultralow Noise Op Amp,https://www.datasheetcatalog.com/datasheets_pdf/A/D/7/9/AD797.shtml,third_party_mirror,low,Unconfirmed URL: not re-checked in this pass. Datasheetcatalog usually freezes pre-2005 revisions.
AD797,Analog Devices (Scribd mirror),AD797,unknown,not captured,"Ultralow Distortion, Ultralow Noise Op Amp AD797 (0.9 nV/√Hz typ, 1.2 nV/√Hz max)",https://www.scribd.com/document/218416673/AD797-1,third_party_mirror,low,Unconfirmed URL: not re-checked in this pass. Other reported Scribd copies: /document/53177036/AD797 and /document/406461759/AD797-pdf.
AD797,Analog Devices (yumpu mirror),AD797,unknown (title truncated),not captured,"AD797 Ultralow Distortion, Ultralow Noise Op Amp Data Sheet (Rev ...)",https://www.yumpu.com/en/document/view/25325091/ad797-ultralow-distortion-ultralow-noise-op-amp-data-sheet-rev-,third_party_mirror,low,Unconfirmed URL: not re-checked in this pass. A second copy is reported at /document/view/25325031/...
AD797,"Analog Devices (Japanese translation, Manualzz mirror)",AD797 (JP),unknown,not captured,AD797 超低歪み超低ノイズのオペアンプ,https://manualzz.com/doc/9729517/ad797-%E8%B6%85%E4%BD%8E%E6%AD%AA%E3%81%BF%E8%B6%85%E4%BD%8E%E3%83%8E%E3%82%A4%E3%82%BA%E3%81%AE-%E3%82%AA%E3%83%9A%E3%82%A2%E3%83%B3%E3%83%97,third_party_mirror,low,Unconfirmed URL: not re-checked in this pass. ADI Japanese-language data sheet; JP translations usually lag the English revision.
AD797,Analog Devices (datasheet4u mirror),AD797,unknown,not captured,AD797 Ultralow Noise Op Amp,https://datasheet4u.com/datasheet-pdf/AnalogDevices/AD797/pdf.php?id=1186795,third_party_mirror,low,Unconfirmed URL: not re-checked in this pass.
LM833,Texas Instruments,SLOS481,B (latest seen in search headers; possibly superseded),JULY 2010 - REVISED OCTOBER 2014 (as last seen),LM833 Dual High-Speed Audio Operational Amplifier,https://www.ti.com/lit/ds/symlink/lm833.pdf,vendor_current,medium,"The symlink always serves the newest revision. A 2026 GitHub benchmark (LPSlv/doc-extract) recorded it as a 36-page, 1,176,968-byte PDF, which may point to a revision newer than B (unverified). 'SLOS481C' is unconfirmed: no search-result header shows it and GitHub code search finds no hits. Snapshot with a date."
LM833,Texas Instruments,SLOS481,current (unknown),unknown,LM833 Dual High-Speed Audio Operational Amplifier (GPN link),https://www.ti.com/lit/gpn/LM833,vendor_current,medium,"TI generic-part-number redirect to the current datasheet. Returned for a '(Rev. C)' title query, but the result title carried no revision letter."
LM833,Texas Instruments,SLOS481B,B,JULY 2010 - REVISED OCTOBER 2014 (22 Oct 2014 per TI PSpice model header),LM833 Dual High-Speed Audio Operational Amplifier,https://www.mouser.com/datasheet/2/405/slos481b-521846.pdf,distributor_mirror,high,"Frozen Rev B copy (the file name gives the revision). Reference from before the die consolidation. TI's WEBENCH LM833 PSpice model (dated 04/18/2016) cites 'Datasheet: SLOS481B, 22 Oct 2014'."
LM833,Texas Instruments,SLOS481A,A,JULY 2010 - REVISED AUGUST 2010,LM833 Dual High-Speed Audio Operational Amplifier,https://datasheet.octopart.com/LM833DR-Texas-Instruments-datasheet-21221952.pdf,distributor_mirror,medium,A search summary attributes the SLOS481A header to this Octopart copy. Its title was truncated in the results.
LM833,Texas Instruments,SLOS481 (presumed A),probably A (same Octopart file id 21221952 as the LM833DR copy),unknown,LM833 (TI) - Octopart copy under LM833P,https://datasheet.octopart.com/LM833P-Texas-Instruments-datasheet-21221952.pdf,distributor_mirror,low,Appeared in search results. Revision inferred from the shared file id only.
LM833,Texas Instruments,SLOS481A,A,JULY 2010 - REVISED AUGUST 2010 (per title 'Rev. A'),LM833 Dual High-Speed Audio Operational Amplifier (Rev. A),https://cdn-reichelt.de/documents/datenblatt/A200/LM833-TI.pdf,distributor_mirror,medium,Reichelt copy with the title '(Rev. A)'.
LM833,Texas Instruments,SLOS481 (presumed),"unknown (possibly the original, July 2010)",unknown,dual high-speed audio operational amplifier,https://datasheet.octopart.com/LM833P-Texas-Instruments-datasheet-10089682.pdf,distributor_mirror,low,"Older-style lower-case TI title. Revision not visible in the search summary. May be the only copy of the original, un-lettered SLOS481."
LM833,Texas Instruments,SLOS481 (presumed),unknown,unknown,LM833 Datasheet (TI),https://www.radiolocman.com/datasheet/data.html?di=300003,third_party_mirror,low,Revision not shown in the search summary.
LM833,Texas Instruments,SLOS481,current,n/a,SLOS481 Data sheet | TI.com (HTML viewer),http://www.ti.com/product/LM833/datasheet/specifications,product_page,medium,TI HTML datasheet viewer; always current.
LM833,Texas Instruments,SLOS481,current,n/a,LM833 データシート | TIJ.co.jp (Japanese HTML viewer),http://www.tij.co.jp/document-viewer/jp/LM833/datasheet/application_and_implementation,product_page,low,"TI Japan HTML datasheet viewer, seen in search results."
LM833,Texas Instruments (ex-National),SNOSBD8E,E,MAY 2004 - REVISED MAY 2012,LM833-N Dual Audio Operational Amplifier,https://www.ti.com/lit/ds/symlink/lm833-n.pdf,vendor_current,high,Current datasheet for the ex-National die. Header seen in the search index.
LM833,Texas Instruments (ex-National),SNOSBD8E,E,MAY 2004 - REVISED MAY 2012,LM833-N Dual Audio Operational Amplifier,https://www.ti.com/lit/gpn/lm833-n,vendor_current,high,GPN redirect. The search index shows the Rev E header.
LM833,Texas Instruments (ex-National),SNOSBD8E,E,MAY 2004 - REVISED MAY 2012,LM833-N Dual Audio Operational Amplifier,https://www.mouser.com/datasheet/2/282/lm833-n-220371.pdf,distributor_mirror,high,Frozen Rev E copy.
LM833,Texas Instruments (ex-National),SNOSBD8E,E,REVISED MAY 2012,LM833-N Dual Audio Operational Amplifier (Rev. E),https://www.farnell.com/datasheets/2364222.pdf,distributor_mirror,high,Farnell copy titled '(Rev. E)'.
LM833,Texas Instruments (ex-National),SNOSBD8E,E,REVISED MAY 2012,LM833-N Dual Audio Operational Amplifier (Rev. E),https://datasheet.octopart.com/LM833N-Texas-Instruments-datasheet-12515562.pdf,distributor_mirror,high,Octopart copy titled '(Rev. E)'.
LM833,Texas Instruments (ex-National),SNOSBD8D,D,unknown,"LM833 Dual Audio Operational Amplifier, Literature Number: SNOSBD8D",https://datasheet.octopart.com/LM833M-NOPB-Texas-Instruments-datasheet-10846346.pdf,distributor_mirror,medium,"Transitional copy: the National datasheet under a TI cover page, before the -N rename (titled 'LM833', literature number SNOSBD8D)."
LM833,National Semiconductor,unknown (National DS number not retrieved),unknown,unknown,LM833 Dual Audio Operational Amplifier,https://web.ece.ucsb.edu/~ilan/Classes/ECE2A_F2010/Labs/Datasheets/lm833.pdf,third_party_mirror,medium,UCSB course copy in the original National format ('General Description').
LM833,National Semiconductor,unknown,unknown,unknown,LM833 Dual Audio Operational Amplifier,https://www.qsl.net/n9zia/vision/LM833.pdf,third_party_mirror,low,Hobby-site copy in National format.
LM833,National Semiconductor,unknown,unknown,unknown,LM833 Dual Audio Operational Amplifier General Description,https://docs.lightningmaps.org/files/extra/Datasheets/OP-Amp/lm833.pdf,third_party_mirror,low,"Another copy in National format, seen in search results. Revision not visible."
LM833,National Semiconductor,unknown,unknown,unknown,LM833N Datasheet (PDF) - National Semiconductor (TI),https://www.alldatasheet.com/datasheet-pdf/pdf/95604/NSC/LM833N.html,third_party_mirror,low,"18 pages, 520 KB per the summary. May be the TI-wrapped version. Revision not visible."
LM833,National Semiconductor,unknown,unknown,unknown,LM833 Datasheet (PDF) - National Semiconductor (TI),https://www.alldatasheet.com/datasheet-pdf/pdf/95601/NSC/LM833.html,third_party_mirror,low,Revision not visible.
LM833,onsemi,LM833/D,Rev. 8 (per search summary),July 2025 (per search summary),"LM833, NCV833 - Low Noise, Audio Dual Operational Amplifier",https://www.onsemi.com/download/data-sheet/pdf/lm833-d.pdf,vendor_current,medium,Current onsemi datasheet. The revision and date come from a search-engine summary and need confirming. It reportedly marks LM833NG/LM833DG as discontinued.
LM833,onsemi,LM833/D,unknown (2011 copyright),2011,"LM833/D (DATA SHEET, Semiconductor Components Industries, LLC, 2011)",https://www.onsemi.com/pdf/datasheet/lm833-d.pdf,vendor_legacy,medium,"Legacy onsemi URL pattern, also used by KiCad libraries for LM833 and NCV833. The content revision it serves may have changed."
LM833,onsemi,LM833/D,Rev. 6,"September, 2011",LM833/D,https://www.mouser.com/datasheet/2/308/lm833-d-1192563.pdf,distributor_mirror,high,"Frozen Rev 6 copy. The header '(c) Semiconductor Components Industries, LLC, 2011 September, 2011 - Rev. 6' appeared in the search index."
LM833,onsemi,LM833/D,unknown,unknown,LM833 - Low Noise Audio Dual Operational Amplifier,https://www.mouser.com/datasheet/2/308/LM833-D-93350.pdf,distributor_mirror,low,Older Mouser copy. Revision not visible.
LM833,onsemi,LM833/D (presumed),unknown,unknown,LM833DR2G datasheet (distributor original),https://datasheet.datasheetarchive.com/originals/distributors/Datasheets-301/4263.pdf,third_party_mirror,low,"Unconfirmed URL: seen only as the datasheet link in a SamacSys KiCad model for LM833DR2G on GitHub, not in a web search result."
LM833,Motorola,"LM833/D (Motorola, presumed)",unknown,unknown,LM833 (Motorola SEMICONDUCTOR TECHNICAL DATA),https://eletrodex.org/eletrodex/Loja_Tray/Datasheets/Semicondutores/CIs%20Amp-Ops/Uso_Geral/lm833.pdf,third_party_mirror,low,Motorola-format datasheet ('Device Operating Temperature Range Package ... SEMICONDUCTOR TECHNICAL DATA'). The document number is presumed.
LM833,Motorola,unknown,unknown,unknown,"LM833 Datasheet (PDF) - Motorola, Inc",https://www.alldatasheet.com/datasheet-pdf/pdf/3069/MOTOROLA/LM833.html,third_party_mirror,low,Motorola-era copy.
LM833,STMicroelectronics,Doc ID 2169,Rev 3,August 2009,LM833 Low noise dual operational amplifier,https://www.st.com/resource/en/datasheet/lm833.pdf,vendor_current,high,The search index shows the 'August 2009 Doc ID 2169 Rev 3' header.
LM833,STMicroelectronics,Doc ID 2169 (presumed),unknown,unknown,LM833 Datasheet (PDF) - STMicroelectronics,https://www.alldatasheet.com/datasheet-pdf/pdf/22771/STMICROELECTRONICS/LM833.html,third_party_mirror,low,Possibly an older ST/SGS-Thomson revision. Not identified.
LM833,Texas Instruments,SLOS481,n/a,n/a,LM833 product page,https://www.ti.com/product/LM833,product_page,high,Lists 4.5 nV/rtHz and 16 MHz.
LM833,Texas Instruments,SNOSBD8,n/a,n/a,LM833-N product page,https://www.ti.com/product/LM833-N,product_page,high,Ex-National die.
LM833,Mouser (TI),SLOS481,n/a,not shown,Texas Instruments LM833 Dual High-Speed Audio Op Amp (new-product page),https://www.mouser.com/new/texas-instruments/ti-lm833-amplifiers/,product_page,medium,Mouser's new-product introduction page for TI's own LM833. It may help date the 2010 introduction.
LM833,STMicroelectronics,Doc ID 2169,n/a,n/a,LM833 product page,https://www.st.com/en/amplifiers-and-comparators/lm833.html,product_page,high,
LM833,onsemi,LM833/D,n/a,n/a,LM833 product page,https://www.onsemi.com/products/standard-products/amplifiers-comparators/operational-amplifiers-op-amps/lm833,product_page,high,
LME49720,Texas Instruments,SNAS326,K,AUGUST 2006 - REVISED DECEMBER 2013,"LM4562 Dual High Performance, High Fidelity Audio Operational Amplifier",https://www.ti.com/lit/ds/symlink/lm4562.pdf,vendor_current,high,"Current TI symlink. The dshills/KiCadAI model-provenance registry records this URL as revision 'TI SNAS326K' with a SHA-256 hash (confirmed by GitHub code search), and dawsonjon/OpenXcvr cites it. It is reportedly also served at https://www.ti.com/lit/gpn/LM4562 (unconfirmed URL)."
LME49720,Texas Instruments,SNAS326,K,REVISED DECEMBER 2013,LM4562 datasheet (revision-specific),https://www.ti.com/lit/ds/snas326k/snas326k.pdf,vendor_revision_specific,high,"URL confirmed by GitHub code search in several projects (nimaid/Sonic-Athame-eurorack, mbnsp.github.io, KolbyKriege/SDR_Receiver_ENGR357)."
LME49720,Texas Instruments,SNAS326,J,AUGUST 2006 - REVISED APRIL 2013,LM4562 www.ti.com SNAS326J,https://datasheet.octopart.com/LM4562HA-NOPB-Texas-Instruments-datasheet-21221798.pdf,distributor_mirror,low,Unconfirmed URL. This pass could not re-check it; the prior pass saw the SNAS326J header in a search-result title. Believed to be the first TI-format revision after the acquisition.
LME49720,Texas Instruments (National content),SNAS326,I,AUGUST 2006 - REVISED JANUARY 2010,LM4562 www.ti.com SNAS326I,https://www.circuits-diy.com/wp-content/uploads/2021/01/LM4562NA.pdf,third_party_mirror,low,"Unconfirmed URL: the mapping of this file to rev I was not re-checked. Revision I itself is confirmed: TI WEBENCH SPICE model headers read 'Datasheet: SNAS326I - January 26, 2010' (GitHub: kicad-spice-library, ejtagle/LTSpice-Models, vgreff/LTSpiceLibraries). Believed to be the last National revision."
LME49720,National Semiconductor,201572 (National DS number),unknown letter (Oct 2007 issue),October 2007,"October 2007 LM4562 Dual High Performance, High Fidelity Audio Operational Amplifier",http://ohm.bu.edu/~pbohn/STM-Z-BERKELEY/Data_Sheets/stm_zbox/PCB/LM4562.pdf,third_party_mirror,low,Unconfirmed URL (not re-checked this pass). Boston University copy of the National-era datasheet.
LME49720,National Semiconductor,201572 (National DS number),unknown (2006 copyright),2006,LM4562 Datasheet (NSC),https://www.alldatasheet.com/datasheet-pdf/pdf/156190/NSC/LM4562.html,third_party_mirror,low,Unconfirmed URL (not re-checked this pass). Early National issue per a prior-pass search summary; the LM4562NA variant is at alldatasheet 156192.
LME49720,National Semiconductor,201572 (presumed),unknown,unknown,"LM4562 Dual High Performance, High Fidelity Audio Operational Amplifier",https://www.sm0vpo.com/_pdf/LM/LM4562.pdf,third_party_mirror,low,Unconfirmed URL. Hobby-site copy from the National era; revision not visible.
LME49720,Texas Instruments,SNAS326,unknown,unknown,"LM4562 Dual High Performance, High Fidelity Audio Operational Amplifier",https://www.mouser.com/ds/2/405/lm4562-485659.pdf,distributor_mirror,low,Unconfirmed URL. Mouser TI folder (405); revision not shown.
LME49720,Texas Instruments,SNAS393,D,MARCH 2007 - REVISED NOVEMBER 2016,"LME49720 Dual High Performance, High Fidelity Audio Operational Amplifier",https://www.ti.com/lit/ds/symlink/lme49720.pdf,vendor_current,medium,"KiCad libraries cite this URL (freeDSP/FreeDSP_ki-CAD_Libraries and manvalan/mikilab-kicad-library, per GitHub code search). Revision D (Nov 2016) comes from the prior pass and was not re-confirmed."
LME49720,Texas Instruments,SNAS393,C,MARCH 2007 - REVISED APRIL 2013,LME49720 SNAS393C,https://www.mouser.com/datasheet/2/282/lme49720-224067.pdf,distributor_mirror,low,"Unconfirmed URL. The prior pass found that SNAS393C (Apr 2013) exists, but the link to this Mouser file is only an inference from the upload batch. Verify the header."
LME49720,Texas Instruments (National content),SNAS393,B,MARCH 2007 - REVISED OCTOBER 2007,LME49720 www.ti.com SNAS393B,https://www.mouser.com/datasheet/2/282/snas393b-38880.pdf,distributor_mirror,low,Unconfirmed URL. This pass could not re-check it; the prior pass saw the SNAS393B header in a search-result title. The file name itself carries the revision.
LME49720,National Semiconductor,300038 (per prior-pass search summary),Oct 2007 issue (matches SNAS393B),October 2007,"October 2007 LME49720 Dual High Performance, High Fidelity Audio Operational Amplifier",http://www.op316.com/pdf/ic/lme49720.pdf,third_party_mirror,low,Unconfirmed URL. Original National layout on op316.com (a Japanese audio DIY site). The DS number 300038 is not independently confirmed.
LME49720,National Semiconductor,unknown (National DS number),original (Mar 2007),March 2007,"March 2007 LME49720 Dual High Performance, High Fidelity Audio Operational Amplifier",https://static.elitesecurity.org/uploads/3/6/3628856/DSA-417996.pdf,third_party_mirror,low,Unconfirmed URL. Forum-hosted copy of the first National issue.
LME49720,National Semiconductor,unknown,unknown,unknown,"LME49720 Dual High Performance, High Fidelity Audio Operational Amplifier (NSC)",https://datasheet.octopart.com/LME49720MA-National-Semiconductor-datasheet-15941894.pdf,distributor_mirror,low,Unconfirmed URL. National-branded copy. Also reported (unconfirmed): https://datasheet.octopart.com/LME49720MA/NOPB-National-Semiconductor-datasheet-9818030.pdf and alldatasheet NSC https://www.alldatasheet.com/datasheet-pdf/pdf/174238/NSC/LME49720.html
LME49720,Texas Instruments (Japan),unknown (TI Japanese translation),unknown,unknown,LME49720 デュアル高性能、Hi-Fiオーディオ・オペアンプ,https://www.marutsu.co.jp/contents/shop/marutsu/datasheet/LME49720.pdf,distributor_mirror,low,Unconfirmed URL. Japanese-language TI datasheet hosted by Marutsu; the English source revision is not shown.
LME49720,Texas Instruments,SNAS393,unknown,unknown,LME49720 datasheet (distributor copies),https://www.kyohritsu.com/eclib/OTHER/DATASHEET/lme49720.pdf,distributor_mirror,low,Unconfirmed URL. Other reported copies of unknown revision (unconfirmed): https://www.electrokit.com/upload/product/41014/41014879/LME49720MA.pdf and https://www.digikey.com/en/htmldatasheets/production/252145/0/0/1/lme49720
LME49720,Texas Instruments,SNAS376,C,NOVEMBER 2006 - REVISED APRIL 2013,LME49710 www.ti.com SNAS376C,https://www.mouser.com/datasheet/2/282/lme49710-224174.pdf,distributor_mirror,low,Unconfirmed URL. This pass could not re-check it; the prior pass saw the SNAS376C header. Latest LME49710 revision found.
LME49720,Texas Instruments (National content),SNAS376,B,NOVEMBER 2006 - REVISED MARCH 2007,LME49710 www.ti.com SNAS376B,https://www.capi-gear.com/catalog/images/gallery/opamps/IC/LME49710-data.pdf,third_party_mirror,low,"Unconfirmed URL. A March 2007 issue is supported by the National LME49710 SPICE macro model header 'Datasheet: March 2007' (GitHub copies, e.g. vgreff/LTSpiceLibraries). Believed to be the last National revision."
LME49720,National Semiconductor,unknown (National DS number),Mar 2007 issue (matches SNAS376B),March 2007,"March 2007 LME49710 High Performance, High Fidelity Audio Operational Amplifier",https://www.pken.net/ish_mm/datasheet/ns/lme49710.pdf,third_party_mirror,low,Unconfirmed URL. Original National layout. Also reported (unconfirmed): https://datasheet.octopart.com/LME49710MA/NOPB-National-Semiconductor-datasheet-9706660.pdf and alldatasheet NSC 229221 / LME49710_07 229220.
LME49720,Texas Instruments,SNAS376,current,n/a,LME49710 product page,https://www.ti.com/product/LME49710,product_page,low,"Unconfirmed URL: the standard TI product-folder pattern, not re-checked. The other product pages, https://www.ti.com/product/LME49720 and https://www.ti.com/product/LM4562, are also unconfirmed."
LME49720,Texas Instruments,SNAS377,B,FEBRUARY 2007 - REVISED APRIL 2013,LME49740 www.ti.com SNAS377B,https://www.farnell.com/datasheets/1994351.pdf,distributor_mirror,low,Unconfirmed URL. This pass could not re-check it; the prior pass reported the SNAS377B header. Latest LME49740 revision found.
LME49720,Texas Instruments,SNAS377,unknown (probably B),unknown,"LME49740 Quad High-Performance, High-Fidelity Audio Operational Amplifier",https://www.mouser.com/datasheet/2/282/lme49740-224076.pdf,distributor_mirror,low,Unconfirmed URL. Same Mouser 2240xx batch as SNAS376C; header not seen.
LME49720,National Semiconductor,SNAS377 (National DS number unknown),"A? (a prior-pass search summary cites SNAS377A dated Feb 8, 2008)",2008 (unconfirmed),LME49740 (National),https://datasheet.octopart.com/LME49740NA-National-Semiconductor-datasheet-15941898.pdf,distributor_mirror,low,Unconfirmed URL. National-branded copy. Also reported (unconfirmed): alldatasheet NSC 190918 (https://www.alldatasheet.com/datasheet-pdf/pdf/190918/NSC/LME49740.html).
MC33078,onsemi,MC33078/D,Rev. 10,"July, 2025","MC33078, MC33079, NCV33078, NCV33079 Low Noise Dual/Quad Operational Amplifiers",https://www.onsemi.com/pdf/datasheet/mc33078-d.pdf,vendor_current,low,Unconfirmed URL: not re-found in the verification pass. onsemi's /pdf/datasheet/<part>-d.pdf pattern is confirmed for other parts on GitHub. Rev. 10 / July 2025 comes only from the original session's search summary. What Rev. 10 changed is unknown.
MC33078,onsemi,MC33078/D,current (whatever onsemi serves),unknown,"MC33078, MC33079, NCV33078, NCV33079 (onsemi download path)",https://www.onsemi.com/download/data-sheet/pdf/mc33078-d.pdf,vendor_current,medium,"Confirmed in two GitHub parts catalogues: lowercase in circuits-com, uppercase .../MC33078-D.PDF in onsemi's parametric export (fei-team-project). The latter lists it for MC33078, MC33079 and NCV33079."
MC33078,onsemi,MC33078/D,unknown,unknown,MC33078/D (legacy Collateral path),https://www.onsemi.com/pub/Collateral/MC33078-D.PDF,vendor_legacy,medium,Confirmed: used by KiCad's official symbol library for MC33078 and MC33079 and by many projects. The http:// form appears in the zlgmcu mirror of onsemi's China catalogue. Worth a Wayback lookup for older revisions.
MC33078,onsemi,n/a,n/a,n/a,MC33078 legacy onsemi.cn product page,http://www.onsemi.cn/PowerSolutions/product.do?id=MC33078DR2G,product_page,medium,"Legacy onsemi China product page, seen in the zlgmcu catalogue CSV scraped from onsemi. Probably dead now, but a Wayback seed for dated parametric data."
MC33078,onsemi,MC33078/D,Rev. 9,"November, 2011",MC33078/D,https://www.mouser.com/datasheet/2/308/MC33078-D-463831.pdf,distributor_mirror,low,"Unconfirmed URL in the verification pass. The original session's search summary quoted the header '© Semiconductor Components Industries, LLC, 2011 November, 2011 − Rev. 9'."
MC33078,onsemi,MC33078/D,unknown,unknown,"MC33078, MC33079, NCV33078, NCV33079",https://www.mouser.com/datasheet/2/308/MC33078-D-96791.pdf,distributor_mirror,low,Unconfirmed URL. A second Mouser copy whose title includes the NCV variants; revision not shown.
MC33078,onsemi,MC33078/D,Rev. 5,"April, 2005","MC33078, MC33079 Low Noise Dual/Quad Operational Amplifiers",https://www.farnell.com/datasheets/76368.pdf,distributor_mirror,low,"Unconfirmed URL in the verification pass. The original session quoted the header '© Semiconductor Components Industries, LLC, 2005 April, 2005 − Rev. 5'. The title has no NCV variants."
MC33078,onsemi,MC33078/D,Rev. 4,"September, 2003","MC33078, MC33079 (ON Semiconductor)",https://datasheet.octopart.com/MC33078P-ON-Semiconductor-datasheet-71056.pdf,distributor_mirror,low,"Unconfirmed URL in the verification pass. The original session quoted the header '© ... 2003 September, 2003 − Rev. 4'. This is the oldest ON revision found."
MC33078,onsemi,MC33078/D,unknown,unknown,"MC33078, MC33079 Low Noise Dual/Quad Operational Amplifiers",https://datasheet.octopart.com/MC33079DG-ON-Semiconductor-datasheet-9671848.pdf,distributor_mirror,low,"Unconfirmed URL. Filed under MC33079DG. The title has no NCV, so it may predate the NCV addition."
MC33078,onsemi,MC33078/D,unknown,unknown,"MC33078, MC33079, NCV33078, NCV33079 (attached on TI E2E)",https://e2e.ti.com/cfs-file/__key/communityserver-discussions-components-files/14/MC33078_5F00_D_2D00_1811153.pdf,third_party_mirror,low,Unconfirmed URL. An onsemi datasheet uploaded to a TI E2E thread.
MC33078,onsemi,MC33078/D,unknown,unknown,MC33078 Datasheet (ON Semiconductor) - alldatasheet,https://www.alldatasheet.com/datasheet-pdf/pdf/12016/ONSEMI/MC33078.html,third_party_mirror,low,Unconfirmed URL. The low alldatasheet ID suggests an early-2000s ON revision. A related entry is 12018 (MC33078P).
MC33078,Motorola,unknown (likely MC33078/D),unknown,unknown,MC33078 Datasheet (Motorola) - datasheetspdf,https://datasheetspdf.com/datasheet/MC33078.html,third_party_mirror,low,"Unconfirmed URL. The original session saw both a Motorola title and a TI title for this URL, so its content is unclear."
MC33078,Texas Instruments,SLLS633,C (as last indexed),OCTOBER 2004 – REVISED NOVEMBER 2006,MC33078 Dual High-Speed Low-Noise Operational Amplifier,https://www.ti.com/lit/ds/symlink/mc33078.pdf,vendor_current,medium,"URL confirmed: the http:// form is used in KiCad TI symbol libraries (MC33078DGK). Rev. C and its dates come from the original session (ti.com gpn title plus radiolocman and datasheetspdf mirrors). The symlink always serves the latest revision, so a post-2024 revision (SLLS633D or later) cannot be ruled out."
MC33078,Texas Instruments,SLLS633,C,REVISED NOVEMBER 2006,MC33078 datasheet (Rev. C),https://www.ti.com/lit/gpn/mc33078,product_page,low,"Unconfirmed URL in this pass, though it follows TI's standard gpn pattern. TI's HTML viewer is reportedly at https://www.ti.com/document-viewer/MC33078/datasheet."
MC33078,Texas Instruments,SLLS633,n/a,n/a,"MC33078 data sheet, product information and support",https://www.ti.com/product/MC33078,product_page,low,"Unconfirmed URL in this pass (standard TI pattern). The original session saw the orderables MC33078D, MC33078P and MC33078DGKR."
MC33078,Texas Instruments,SLLS633,A,OCTOBER 2004 – REVISED FEBRUARY 2005,"MC33078, MC33079 (Rev. A)",https://datasheet.octopart.com/MC33078DGKR-Texas-Instruments-datasheet-124071.pdf,distributor_mirror,low,Unconfirmed URL. An Octopart freeze of TI Rev. A. The original session reported that the PDF title lists both MC33078 and MC33079 and that the text has 'PREVIEW' markings.
MC33078,Texas Instruments,SLLS633,C,OCTOBER 2004 – REVISED NOVEMBER 2006,MC33078 Datasheet Texas Instruments (radiolocman mirror),https://www.radiolocman.com/datasheet/data.html?%2FMC33078=&di=303635,third_party_mirror,low,Unconfirmed URL. The original session's search summary identified SLLS633C from this mirror.
MC33078,Texas Instruments,SLLS633,unknown (probably C),unknown,MC33078 AMPLIFIER Datasheet (etcTI),https://datasheetspdf.com/pdf/1396351/etcTI/MC33078/1,third_party_mirror,low,Unconfirmed URL. The same file is reportedly on datasheet4u: https://datasheet4u.com/datasheets/etcTI/MC33078/1396351
MC33078,Texas Instruments,SLLS633,unknown,unknown,features description/ordering information mc33078 dual,https://studylib.net/doc/18655895/features-description-ordering-information-mc33078-dual,third_party_mirror,low,Unconfirmed URL. Its layout matches TI's 2004-2006 datasheet format.
MC33078,Texas Instruments,SLLS633,unknown,unknown,MC33078 Datasheet(PDF) - Texas Instruments (alldatasheet 177246),https://www.alldatasheet.com/datasheet-pdf/pdf/177246/TI/MC33078.html,third_party_mirror,low,"Unconfirmed URL. Other TI entries reported: 354306 (MC33078P), 350649 (MC33078DGKR), 1809749 (TI1), 2195327 (MC33078DGKT, TI2). They may hold different revisions."
MC33078,STMicroelectronics,unknown (ST DocID not captured),unknown,November 2012,MC33078 Low noise dual operational amplifier,https://www.st.com/resource/en/datasheet/mc33078.pdf,vendor_current,low,"Unconfirmed URL in this pass, though ST's /resource/en/datasheet/<part>.pdf pattern is confirmed for other ST parts. The original session reported 'product in full production. November 2012'. Hand labels of a Mouser-hosted ST MC33078D datasheet give 15 MHz GBP and about 4 mA supply current, with orderables MC33078N/D/DT/YDT. Product page: https://www.st.com/en/amplifiers-and-comparators/mc33078.html"
MC33078,SGS-Thomson,unknown,unknown,unknown,MC33078 Low Noise Dual Op Amp Datasheet | SGS-THOMSON,https://studylib.net/doc/18632877/mc33078-datasheet,third_party_mirror,low,Unconfirmed URL. A legacy SGS-Thomson copy (pre-1998 branding). An SGS MC33078S SPICE macromodel (SGS2.LIB) supports SGS-era production. Alldatasheet ST entries 23287 and 194797 may be older ST revisions.
MC33078,Unisonic Technologies,unknown,unknown,unknown,MC33078 Datasheet (UTC),https://www.alldatasheet.com/datasheet-pdf/pdf/738969/UTC/MC33078.html,third_party_mirror,low,"Unconfirmed URL. A UTC clone datasheet, reportedly also at https://datasheet4u.com/datasheets/Unisonic-Technologies/MC33078/972477"
MUSES01,Nisshinbo Micro Devices,MUSES01_E,20250321,2025-03-21,"MUSES01 High Quality Audio, J-FET Input, Dual Operational Amplifier (PDF title 'MUSES01 Datasheet(E)'; NRND-marked)",https://github.com/indare/pcb_work/blob/main/Audio/datasheets/opamps/NJR_MUSES01.pdf,third_party_mirror,high,"Read in full in this pass. 12 pages, 665,654 bytes, SHA-256 7e61ac54a0616873c9818565c06750e210a80f0bac48409a19712a00a430e5b6. PDF metadata: Author Nisshinbo Micro Devices Inc.; created 2025-03-21, modified 2025-04-15; made in MS Word 365. The footer reads '- n - 20250321', with no 'Ver.' string, and each page says 'MUSES01 is the NRND product.' The repo README says the file came from the Nisshinbo product page. Raw file: https://raw.githubusercontent.com/indare/pcb_work/main/Audio/datasheets/opamps/NJR_MUSES01.pdf"
MUSES01,New JRC,MUSES01 (JP),Ver.2009-12-11,2009-12-11,MUSES01 2回路入りJ-FET入力 高音質オペアンプ ~人の感性に響く音を追求~ (Japanese),https://akizukidenshi.com/goodsaffix/muses01_ver20091211.pdf,distributor_mirror,low,"Unconfirmed URL: not re-checked in this pass because the search budget was exhausted. The earlier pass reported the version in the file header and file name. It would be the oldest known version, the Japanese launch datasheet."
MUSES01,New JRC,MUSES01_E,Ver.2009-12-18,2009-12-18,"MUSES01 High Quality Audio, J-FET Input, Dual Operational Amplifier",https://static.qobuz.com/info/IMG/pdf/MUSES01_E.pdf,third_party_mirror,low,"Unconfirmed URL (not re-checked in this pass). The earlier pass reported the header 'MUSES01 - 1 - Ver.2009-12-18', making this the English launch-era version."
MUSES01,New JRC,MUSES01_E,Ver.2015-04-13,2015-04-13,"MUSES01 High Quality Audio, J-FET Input, Dual Operational Amplifier",https://www.mouser.com/datasheet/2/294/MUSES01_E-259020.pdf,distributor_mirror,low,Unconfirmed URL (not re-checked in this pass). The earlier pass reported the header 'MUSES01 - 1 - Ver.2015-04-13' and an alias at https://www.mouser.com/ds/2/294/MUSES01_E-259020.pdf.
MUSES01,New JRC or Nisshinbo (unknown),MUSES01_E,unknown,unknown,"High Quality Audio, J-FET Input, Dual Operational Amplifier",https://www.mouser.com/datasheet/2/294/MUSES01_E-1917225.pdf,distributor_mirror,low,"Unconfirmed URL. A later Mouser upload with a higher asset ID. It may be the Nisshinbo-era 20250321 revision, whose footer has no 'Ver.' string, but this is not verified."
MUSES01,New JRC,MUSES01_E,unknown,unknown,"MUSES01 High Quality Audio, J-FET Input, Dual Operational Amplifier",https://www.njr.com/electronic_device/PDF/MUSES01_E.pdf,vendor_legacy,low,"Unconfirmed URL for MUSES01. The path pattern njr.com/electronic_device/PDF/<PN>_E.pdf is seen for other NJR parts (NJM2068_E, NJM2819A_E) in GitHub projects. Revision unknown."
MUSES01,Nisshinbo Micro Devices,MUSES01_E,unknown (probably 20250321 now; inferred),unknown,"MUSES01 High Quality Audio, J-FET Input, Dual Operational Amplifier",https://www.nisshinbo-microdevices.co.jp/en/pdf/datasheet/MUSES01_E.pdf,vendor_current,low,"Unconfirmed URL for MUSES01. The same path pattern is used on GitHub for MUSES72323_E.pdf. The GitHub mirror of revision 20250321 was reportedly taken from the product page, so this URL probably serves that revision (inference)."
MUSES01,Nisshinbo Micro Devices,MUSES01,unknown,unknown,"MUSES01 High Quality Audio, J-FET Input, Dual Operational Amplifier (Nisshinbo-branded)",https://www.alldatasheet.jp/datasheet-pdf/pdf/2278441/NISSHINBO/MUSES01.html,third_party_mirror,low,"Unconfirmed URL. Earlier pass: 12 pages, 656 KB, listed under the NISSHINBO maker. The verified 20250321 file is also 12 pages but 665,654 bytes, so it may or may not be the same revision."
MUSES01,New JRC,MUSES01,unknown,unknown,"MUSES01 High Quality Audio, J-FET Input, Dual Operational Amplifier",https://www.alldatasheet.com/datasheet-pdf/pdf/347303/NJRC/MUSES01.html,third_party_mirror,low,"Unconfirmed URL. Earlier pass: 12 pages, 528 KB, listed under the NJRC maker, with a page view at https://www.alldatasheet.com/html-pdf/347303/NJRC/MUSES01/96/1/MUSES01.html. Probably a 2009 or 2015 JRC version."
MUSES01,New JRC,MUSES01,unknown,unknown,MUSES01 datasheet (New Japan Radio),https://datasheet4u.com/datasheets/New-Japan-Radio/MUSES01/679182,third_party_mirror,low,Unconfirmed URL. Reported mirrors of the same file: datasheetspdf.com/pdf/679182/NewJapanRadio/MUSES01/1 and datasheet.jp/pdf/679182/MUSES01.html. Revision not visible.
MUSES01,New JRC,MUSES01,unknown,unknown,MUSES01 Datasheet by NJR Corporation/NJRC (HTML rendering),https://www.digikey.com/htmldatasheets/production/663073/0/0/1/muses01.html,distributor_mirror,low,Unconfirmed URL. A DigiKey HTML datasheet from the NJR era. Revision not visible.
MUSES01,New JRC,MUSES01,unknown,unknown,MUSES01 - Semiconductor Product Information,https://www.yumpu.com/en/document/view/39394172/muses01-semiconductor-product-information,third_party_mirror,low,Unconfirmed URL. Yumpu copy; revision not visible.
MUSES01,New JRC,MUSES01,unknown,unknown,MUSES01 Datasheet (NJR Corporation/NJRC),https://www.ic-hongda.com/pdf/muses01-datasheet/4166560.html,third_party_mirror,low,Unconfirmed URL. Chinese datasheet-site copy; revision not visible.
MUSES01,Nisshinbo Micro Devices,-,-,-,MUSES01 product/spec page (Japanese),https://www.nisshinbo-microdevices.co.jp/ja/products/operational-amplifier/spec/?product=muses01,product_page,medium,"This ja URL is cited in a GitHub README (indare/pcb_work) as the MUSES01 product page, but was not opened directly. These are unconfirmed: the en variant https://www.nisshinbo-microdevices.co.jp/en/products/operational-amplifier/spec/?product=muses01 and the legacy NJR pages https://www.njr.com/semicon/products/MUSES01.html, https://www.njr.com/MUSES/series/MUSES01.html and https://www.njr.com/electronic_device/products/MUSES01.html."
MUSES02,New Japan Radio (NJR),MUSES02_E,Ver.2009-12-18,2009-12-18,"MUSES02 High Quality Audio, Bipolar Input, Dual Operational Amplifier (English)",http://www.mouser.com/pdfdocs/MUSES02_E.PDF,distributor_mirror,medium,Earliest version found. The discovery-pass search summary showed the page-1 header 'MUSES02 - 1 - Ver.2009-12-18' and abs max ±18 V. Also served at https://www.mouser.com/pdfdocs/MUSES02_E.PDF?origin=new. Not re-confirmed in the verification pass (web search budget exhausted).
MUSES02,New Japan Radio (NJR),MUSES02_E,Ver.2015-04-13,2015-04-13,"MUSES02 High Quality Audio, Bipolar Input, Dual Operational Amplifier (English)",https://www.mouser.com/ds/2/294/MUSES02_E-259016.pdf,distributor_mirror,medium,Second NJR English version. The discovery-pass summary showed the header 'MUSES02 - 1 - Ver.2015-04-13'. Changes from 2009 are unknown. Not re-confirmed in the verification pass.
MUSES02,Nisshinbo Micro Devices,MUSES02_E,unknown (current Nisshinbo release),unknown,"MUSES02 datasheet (English, current)",https://www.nisshinbo-microdevices.co.jp/en/pdf/datasheet/MUSES02_E.pdf,vendor_current,low,Unconfirmed URL (not re-confirmed in the verification pass; version string never seen). May match the 2025-03-19 JP reissue.
MUSES02,Nisshinbo Micro Devices,MUSES02_J,20250319,2025-03-19,MUSES02 2回路入り バイポーラ入力 高音質オペアンプ ~人の感性に響く音を追求~ (Japanese),https://www.nisshinbo-microdevices.co.jp/ja/pdf/datasheet/MUSES02_J.pdf,vendor_current,medium,"The discovery-pass summary showed the header '- 1 - 20250319 MUSES02 / MUSES02D は保守品です' (MUSES02D is a maintenance product), with e_n 4.5 nV/√Hz, VIO 0.3/3 mV, IB 100/500 nA, AV 110 dB, SR 5 V/µs and the OFC lead frame. Not re-confirmed in the verification pass."
MUSES02,New Japan Radio (NJR),MUSES02_E,"unknown (NJR-branded; 12 pages, 396 KB)",unknown,MUSES02 Datasheet (PDF) - New Japan Radio (alldatasheet),https://www.alldatasheet.com/datasheet-pdf/pdf/808061/NJRC/MUSES02.html,third_party_mirror,low,"Unconfirmed URL in the verification pass. alldatasheet ID 808061, also at /datasheet-pdf/view/808061/NJRC/MUSES02.html. Likely Ver.2009-12-18 or Ver.2015-04-13; not confirmed."
MUSES02,New Japan Radio (NJR),MUSES02_E (listed as MUSE02),unknown,unknown,MUSE02 datasheet (alldatasheet listing under NJRC),https://www.alldatasheet.com/datasheet-pdf/view/1244749/NJRC/MUSE02.html,third_party_mirror,low,Unconfirmed URL. A higher-numbered upload (ID 1244749) with a typo in the part name; may be a later revision.
MUSES02,New Japan Radio (NJR),MUSES02_E,unknown,unknown,MUSES02 Datasheet by NJR Corporation/NJRC (DigiKey HTML datasheet),https://www.digikey.com/htmldatasheets/production/663074/0/0/1/muses02.html,distributor_mirror,low,Unconfirmed URL in the verification pass. NJR-era HTML rendering (temperature ranges and ±18 V abs max per the discovery summary). Revision not shown.
MUSES02,New Japan Radio (NJR),MUSES02_E,unknown,unknown,MUSES02 Datasheet - DIP Amplifier | New Japan Radio,https://datasheet4u.com/datasheet-pdf/NewJapanRadio/MUSES02/pdf.php?id=1007642,third_party_mirror,low,Unconfirmed URL. The same ID 1007642 is also at https://datasheetspdf.com/pdf/1007642/NewJapanRadio/MUSES02/1. Revision unknown.
MUSES02,New Japan Radio (NJR),MUSES02_E,unknown,unknown,"MUSES02 Dual Operational Amplifier Datasheet (Scribd, file MUSES02-E-1917145)",https://www.scribd.com/document/726748128/MUSES02-E-1917145,third_party_mirror,low,"Unconfirmed URL. The filename suggests a copy of a Mouser file MUSES02_E-1917145.pdf, possibly newer than 259016. Revision not verified."
MUSES02,New Japan Radio (NJR),MUSES02_E,unknown,unknown,Datasheet Archive: MUSES02 datasheets,https://www.datasheetarchive.com/MUSES02-datasheet.html,third_party_mirror,low,Unconfirmed URL. Aggregator page; revision(s) not visible.
MUSES02,Nisshinbo Micro Devices,MUSES02 (language unknown),unknown,unknown (committed 2025-2026 era),"MUSES02 local copy in indare/pcb_work (NJR_MUSES02.pdf, labelled Nisshinbo)",https://github.com/indare/pcb_work/blob/c6d3acc4e15273756a5de0ede66dc656917d916f/Audio/datasheets/opamps/NJR_MUSES02.pdf,third_party_mirror,low,"Unconfirmed URL. It was built from the repo path and commit seen in GitHub code search; the repo README links NJR_MUSES02.pdf and cites its p.3 for THD −100 dB (AV=+10, 1 kHz, 5 Vrms, 2 kΩ). The PDF's revision was not seen."
MUSES02,Nisshinbo Micro Devices,-,-,-,MUSES02 Series product page,https://www.nisshinbo-microdevices.co.jp/en/products/operational-amplifier/spec/?product=muses02,product_page,high,Current vendor product page. The URL is independently cited in indare/pcb_work (AmpModule_OPAMP_REFINE.md).
MUSES02,New Japan Radio (NJR),-,-,-,高音質オペアンプ MUSES02 | MUSES オフィシャル Webサイト,https://www.njr.co.jp/MUSES/series/MUSES02.html,product_page,medium,"Legacy NJR MUSES brand page (discovery pass; not re-confirmed). Other legacy NJR product pages (unconfirmed): https://www.njr.co.jp/products/semicon/products/MUSES02.html, https://www.njr.co.jp/electronic_device/products/MUSES02.html, https://www.njr.com/electronic_device/products/MUSES02.html. Good Wayback targets."
MUSES05,Nisshinbo Micro Devices,MUSES05_J,Ver.1.0,not shown in search extract,Datasheet MUSES05 プレミアムオーディオ機器向け 1回路入りJ-FET入力高音質オペアンプ (Japanese),https://www.nisshinbo-microdevices.co.jp/ja/pdf/datasheet/MUSES05_J.pdf,vendor_current,high,"The current vendor Japanese datasheet; the search-result title itself shows 'Ver.1.0'. It covers DFN12-CA8 (ESON12-CA8), +/-3.5 to +/-18 V and 5.8 mA. The search index still titled it Ver.1.0 at verification time (Sept 2026), after the reported restart, but the index may be stale."
MUSES05,Nisshinbo Micro Devices (Farnell copy),MUSES05_E,Ver.1.0 (per search summary),not shown in search extract,"Datasheet MUSES05 High-Quality Sound, J-FET Input, Single Operational Amplifier for Premium Audio (English)",https://www.farnell.com/datasheets/4722473.pdf,distributor_mirror,medium,"URL confirmed in search results. 'Ver.1.0' comes from the search summariser's text, not the raw result title."
MUSES05,Nisshinbo Micro Devices (Mouser copy),MUSES05_E,probably Ver.1.0 (not shown in extract),not shown in search extract,"MUSES05 Datasheet(E) / Datasheet MUSES05 High-Quality Sound, J-FET Input,",https://www.mouser.com/datasheet/2/294/MUSES05_E-3082691.pdf,distributor_mirror,medium,URL confirmed in several search results under both titles. The version was not seen.
MUSES05,Nisshinbo Micro Devices (components101 copy),MUSES05_E,unknown (likely Ver.1.0),uploaded 2022-12 (per URL path),MUSES05 Datasheet(E),https://components101.com/sites/default/files/2022-12/MUSES05_E.pdf,third_party_mirror,medium,"Copy frozen by December 2022, before the production suspension, so it is useful as a snapshot of the pre-suspension datasheet."
MUSES05,Nisshinbo Micro Devices (alldatasheet copy),MUSES05_E,unknown,unknown,MUSES05 Datasheet(PDF) - Nisshinbo Micro Devices Inc.,https://www.alldatasheet.com/datasheet-pdf/pdf/2271955/NISSHINBO/MUSES05.html,third_party_mirror,medium,URL confirmed in search results. Revision not visible.
MUSES05,Nisshinbo Micro Devices (datasheet4u copy),MUSES05_E,unknown,unknown,MUSES05 datasheet PDF - Operational Amplifier | Nisshinbo,https://datasheet4u.com/datasheets/Nisshinbo/MUSES05/1557876,third_party_mirror,low,"URL seen in search results, along with the alternate path datasheet4u.com/datasheet/Nisshinbo/MUSES05-1557876. Revision not visible."
MUSES05,Nisshinbo Micro Devices,-,-,live page,MUSES05 Series product/spec page (English),https://www.nisshinbo-microdevices.co.jp/en/products/operational-amplifier/spec/?product=muses05,product_page,high,"The search extract says the discontinued MUSES05 will resume production as MUSES05 after production-material adjustments, with timing to be announced on the website."
MUSES05,Nisshinbo Micro Devices,-,-,live page,高音質オペアンプ MUSES05 (Japanese MUSES series page),https://www.nisshinbo-microdevices.co.jp/ja/MUSES/series/MUSES05.html,product_page,high,The search extract says production has resumed; it had stopped because component materials were hard to obtain.
MUSES05,Nisshinbo Micro Devices,-,-,live page,High Quality Audio Operational Amplifier MUSES05 (English MUSES series page),https://www.nisshinbo-microdevices.co.jp/en/MUSES/series/MUSES05.html,product_page,high,English MUSES microsite page.
MUSES05,Nisshinbo Micro Devices,-,-,2022-12-19 (URL path and search summary),MUSES05 の一般発売について (notice),https://www.nisshinbo-microdevices.co.jp/ja/about/info/20221219.html,product_page,high,Vendor notice on the general release of MUSES05.
MUSES05,New Japan Radio (legacy site),-,-,2021-12-01,MUSESフラッグシップオペアンプ「MUSES05」 2022年2月に一般販売開始 (news release),https://www.njr.co.jp/news/2021/semi_20211201-MUSES05-DUO.html,vendor_legacy,high,"Legacy NJR-domain copy of the general-sale / DUO campaign release, seen in search results. The Nisshinbo archive holds the same release at /ja/about/info/njr/2021/semi_20211201-MUSES05-DUO.html."
MUSES05,DigiKey (Nisshinbo),-,-,unknown,MUSES05 Single Operational Amplifier with J-FET Input for High-Quality Sound (product highlight),https://www.digikey.com/en/product-highlight/n/nisshinbo-micro-devices/muses05-single-operational-amplifier,product_page,medium,"Summarises GBW 12 MHz, SR 40 V/us, +/-19 V, Vio 1 mV, Ib 5 pA, 7.5 nV/rtHz and 0.00003%."
MUSES05,Akizuki Denshi,-,-,live page,MUSES05 DIP化モジュール (完成品),https://akizukidenshi.com/catalog/g/g117651/,product_page,medium,Distributor listing for a finished DIP8 conversion module carrying MUSES05. Not a Nisshinbo part number.
MUSES8920,New Japan Radio (NJR/JRC),MUSES8920_E,Ver.2012-04-02,2012-04-02,MUSES8920 High Quality Audio J-FET Input Dual Operational Amplifier,https://www.mouser.com/pdfdocs/MUSES8920_E.PDF,distributor_mirror,high,PDF title 'MUSES8920 - 1 - Ver.2012-04-02'. Mouser legacy /pdfdocs/ copy. Earliest dated revision seen.
MUSES8920,New Japan Radio (NJR/JRC),MUSES8920_E,Ver.2013-11-25,2013-11-25,MUSES8920 High Quality Audio J-FET Input Dual Operational Amplifier (8 pages),https://www.alldatasheet.com/datasheet-pdf/pdf/808066/NJRC/MUSES8920.html,third_party_mirror,medium,Search summaries identify this alldatasheet copy (ID 808066) as Ver.2013-11-25. Same file at /datasheet-pdf/view/808066/NJRC/MUSES8920.html and in html-pdf page views on alldatasheet.com and alldatasheet.net.
MUSES8920,New Japan Radio (NJR/JRC),MUSES8920_E,'Ver.10' (as indexed in the PDF title 'MUSES8920 - 1 - Ver.10'; meaning unresolved),unknown,MUSES8920 High Quality Audio J-FET Input Dual Operational Amplifier,https://www.mouser.com/datasheet/2/294/MUSES8920_E-259012.pdf,distributor_mirror,medium,"URL and title confirmed. The Mouser file ID is next to MUSES01_E-259020, which is Ver.2015-04-13, so this copy was probably ingested in or after April 2015. That contradicts the earlier inference that it is the earliest revision. Its place in the revision order is unresolved."
MUSES8920,New Japan Radio (NJR/JRC) / Nisshinbo,MUSES8920_E,unknown (probably the last NJR-era revision; inferred),unknown (Mouser ingest probably 2020 or later),High Quality Audio J-FET Input Dual Operational Amplifier (MUSES8920),https://www.mouser.com/datasheet/2/294/MUSES8920_E-1917228.pdf,distributor_mirror,medium,"URL confirmed. The file ID is next to MUSES01_E-1917225 and NJM4556A_E-1917507, which is Ver.2020-03-26, so the ingest was probably 2020 or later. It likely postdates the 2016 KX7 addition. Header not revealed by search."
MUSES8920,DigiKey (NJR/Nisshinbo document),MUSES8920_E (assumed),unknown,unknown,MUSES8920 Datasheet,https://mm.digikey.com/Volume0/opasdata/d220001/medias/docus/8072/MUSES8920%20Datasheet.pdf,distributor_mirror,medium,New in this check. The URL appeared in search results (title 'mm.digikey.com'). Revision not shown.
MUSES8920,Nisshinbo Micro Devices,MUSES8920_E,unknown (final revision of the discontinued part),unknown,MUSES8920 datasheet (English),https://www.nisshinbo-microdevices.co.jp/en/pdf/datasheet/MUSES8920_E.pdf,vendor_legacy,low,"Unconfirmed URL. It came from the discovery notes and never appeared in any search result. It follows the confirmed MUSES8920A_E.pdf path pattern. The part is discontinued, so the file may be gone; archive it."
MUSES8920,New Japan Radio (NJR/JRC),MUSES8920_E,unknown,unknown,MUSES8920 Datasheet (New Japan Radio),https://datasheet4u.com/datasheets/New-Japan-Radio/MUSES8920/1007645,third_party_mirror,medium,"The same file ID 1007645 is also at https://datasheet4u.com/datasheet/NewJapanRadio/MUSES8920-1007645, https://datasheetspdf.com/pdf/1007645/NewJapanRadio/MUSES8920/1 and http://www.datasheet.jp/pdf/1007645/MUSES8920.html. All URLs seen in results. Revision not shown."
MUSES8920,New Japan Radio (NJR/JRC),MUSES8920_E,unknown,unknown,High Quality Audio J-FET Input Dual Operational Amplifier (MUSES8920-NewJapanRadio),https://www.scribd.com/document/478761947/MUSES8920-NewJapanRadio,third_party_mirror,medium,Scribd upload; URL seen in results. Revision not shown.
MUSES8920,New Japan Radio (NJR/JRC),MUSES8920_E,unknown,unknown,MUSES8920 datasheet - High Quality Audio J-FET Input ...,https://www.digchip.com/datasheets/parts/datasheet/2/330/MUSES8920.php,third_party_mirror,medium,Revision not shown. See also the listing at https://www.datasheetarchive.com/MUSES8920-datasheet.html.
MUSES8920,New Japan Radio (NJR/JRC),n/a,n/a,n/a,MUSES8920 product page (MUSES8920D / MUSES8920E / MUSES8920KX7),https://www.njr.com/semicon/products/MUSES8920.html,product_page,high,"Legacy NJR product page listing the D, E and KX7 packages. The newer NJR path https://www.njr.com/electronic_device/products/MUSES8920.html was also seen."
MUSES8920,DigiKey,n/a,n/a,n/a,MUSES8920D product page,https://www.digikey.com/en/products/detail/nisshinbo-micro-devices-inc/MUSES8920D/10671912,product_page,high,New in this check. Also under /njr-corporation-njrc/MUSES8920D/10671912. The Mouser MUSES8920E pages exist under both NJR and Nisshinbo paths (see sources).
MUSES8920,Nisshinbo Micro Devices,MUSES8920A_E,Ver.0.2 (preliminary),unknown,"Datasheet MUSES8920A PRELIMINARY SPECIFICATIONS SUBJECT TO CHANGE (High-Quality Sound, J-FET Input Dual Operational Amplifier)",https://gb.profusion.uk/media/assets/product/documents/MUSES8920A.pdf,distributor_mirror,medium,"Profusion (UK) frozen preliminary copy. Lists DIP8, SOP8 JEDEC 150 mil (EMP8) and DFN8-X7 (ESON8-X7). Applications: home, pro, car and portable audio. Same headline specs."
MUSES8920,Nisshinbo Micro Devices,MUSES8920A_E,Ver.1.0,unknown,"Datasheet MUSES8920A High-Quality Sound, J-FET Input Dual Operational Amplifier",https://www.mouser.com/datasheet/2/294/MUSES8920A_E-3675900.pdf,distributor_mirror,medium,Search summary: Ver.1.0. Orderable MUSES8920AE (SOP8 JEDEC 150 mil/EMP8) and MUSES8920AKX7 (DFN8-X7). DIP8 MUSES8920AD reported as 'Under Development'.
MUSES8920,Nisshinbo Micro Devices,MUSES8920A (file named MUSES8920A_E.pdf),Ver.1.0,unknown,Datasheet MUSES8920A (Japanese text: 2 回路入りオーディオ用J-FET 入力高音質オペアンプ),https://akizukidenshi.com/goodsaffix/MUSES8920A_E.pdf,distributor_mirror,medium,Akizuki copy. The indexed title shows Japanese-language content '- 1 - Ver.1.0' despite the _E file name. Akizuki sells MUSES8920AE (g118179).
MUSES8920,Nisshinbo Micro Devices,MUSES8920A_E,unknown (current; Ver.1.0 or later),unknown,"Datasheet MUSES8920A High-Quality Sound, J-FET Input",https://www.nisshinbo-microdevices.co.jp/en/pdf/datasheet/MUSES8920A_E.pdf,vendor_current,high,"Current vendor URL, seen in search results."
MUSES8920,Nisshinbo Micro Devices,MUSES8920A_E,unknown,unknown,MUSES8920A Datasheet(PDF) - Nisshinbo Micro Devices Inc.,https://www.alldatasheet.com/datasheet-pdf/pdf/2271958/NISSHINBO/MUSES8920A.html,third_party_mirror,medium,alldatasheet ID 2271958. Revision not shown.
MUSES8920,Nisshinbo Micro Devices,n/a,n/a,n/a,MUSES8920A Series product/spec page,https://www.nisshinbo-microdevices.co.jp/en/products/operational-amplifier/spec/?product=muses8920a,product_page,high,"The English MUSES series page is https://www.nisshinbo-microdevices.co.jp/en/MUSES/series/MUSES8920A.html. The Japanese series page https://www.nisshinbo-microdevices.co.jp/ja/MUSES/series/MUSES8920A.html states that MUSES8920 production is completed and MUSES8920A replaces it with no change in electrical characteristics, equivalent circuit or sound."
MUSES8920,Nisshinbo Micro Devices,n/a,n/a,n/a,MUSES8920A Dual Operational Amplifiers - Nisshinbo | Mouser (new product page),https://www.mouser.com/en/new/nisshinbo/nisshinbo-muses8920a-op-amps/,product_page,high,Mouser new-product introduction page.
NE5532,Texas Instruments,SLOS075,K,NOVEMBER 1979 – REVISED DECEMBER 2025,"NE5532x, SA5532x Dual Low-Noise Operational Amplifiers (NE5532, NE5532A, SA5532, SA5532A)",https://www.ti.com/lit/ds/symlink/ne5532.pdf,vendor_current,high,"NEW DIE. Tables show 12 MHz and 5 V/us; supply absolute max ±18 V; 600 ohm, output-swing-bandwidth, Zo and crosstalk specs removed; simplified schematic. The text sections still say 10 MHz / 9 V/us. Header 'SLOS075K – NOVEMBER 1979 – REVISED DECEMBER 2025' confirmed by several GitHub references and EEVblog."
NE5532,Texas Instruments,SLOS075,current (K as of 2026),redirects to latest,NE5532 datasheet (generic product-number link),https://www.ti.com/lit/gpn/ne5532,vendor_current,high,"Always serves the latest revision, so it does not freeze a legacy copy."
NE5532,Texas Instruments,SLOS075,n/a,n/a,NE5532 product folder,https://www.ti.com/product/NE5532,product_page,high,"Headline 'Dual, 30-V, 10-MHz, low-noise (6 nV/rtHz) operational amplifier for audio applications' (may lag Rev K). NE5532A has its own page: https://www.ti.com/product/NE5532A"
NE5532,Texas Instruments,SLOS075,J,NOVEMBER 1979 – REVISED JANUARY 2015,"NE5532x, SA5532x Dual Low-Noise Operational Amplifiers",https://static.chipdip.ru/lib/550/DOC001550711.pdf,third_party_mirror,medium,"LAST LEGACY-DIE revision (9 V/us, 10 MHz, ±22 V, 600 ohm specs). The copy uses the 2015 TI layout ('Product Folder / Sample & Buy' header), which is consistent with Rev J; revision inferred from that layout and the search context."
NE5532,Texas Instruments,SLOS075,J,NOVEMBER 1979 – REVISED JANUARY 2015,"NE5532x, SA5532x Dual Low-Noise Operational Amplifiers",https://datasheets.b-cdn.net/files/NE5532AP-Texas-Instruments-datasheet-41216652.pdf,third_party_mirror,medium,Same 2015-layout title; returned for the 'SLOS075J … REVISED JANUARY 2015' query.
NE5532,Texas Instruments,SLOS075,J,NOVEMBER 1979 – REVISED JANUARY 2015,"NE5532(A), SA5532(A) HTML datasheet (DigiKey)",https://www.digikey.com/en/htmldatasheets/production/24692/0/0/1/sa5532adr,distributor_mirror,medium,"Search summary for this page gave SLOS075J, Jan 2015."
NE5532,Texas Instruments,SLOS075,J (per search summary; old-style title suggests it may be an earlier rev),REVISED JANUARY 2015 (per summary),"NE5532, NE5532A DUAL LOW-NOISE OPERATIONAL AMPLIFIERS",https://www.ampslab.com/PDF/ne5532p.pdf,third_party_mirror,low,"Search summary said SLOS075J, but the upper-case old-format title conflicts with the 2015 layout. Verify the header."
NE5532,Texas Instruments,SLOS075,I,NOVEMBER 1979 – REVISED APRIL 2009,"NE5532, NE5532A, SA5532, SA5532A Dual Low-Noise Operational Amplifiers",https://www.jameco.com/Jameco/Products/ProdDS/27385.pdf,distributor_mirror,medium,"Returned for the 'SLOS075I' query. Rev I is confirmed to exist by independent references (Altium DatasheetVersion 'SLOS075I'; thesis bibliography 'SLOS075I, listopad 1979 – kwiecień 2009')."
NE5532,Texas Instruments,SLOS075,I,NOVEMBER 1979 – REVISED APRIL 2009,NE5532 / SA5532 datasheet ('1FEATURES' 2009-era layout),https://datasheet.lcsc.com/lcsc/NE5532DR_C7426.pdf,distributor_mirror,medium,"Returned for the SLOS075I query; the 2007-2012 TI layout is consistent with Rev I. Other copies from the same query: https://datasheet.octopart.com/NE5532D-Texas-Instruments-datasheet-17021822.pdf, https://elektronik-lavpris.dk/files/sup2/ne5532.pdf, https://mikroshop.ch/pdf/ne5532.pdf, https://televideo.ws/images/docs/datasheets/NE5532.pdf, https://www.bdtic.com/DataSheet/TI/NE553x.pdf"
NE5532,Texas Instruments,SLOS075,H,NOVEMBER 1979 – REVISED MAY 2004,NE5532 DUAL LOW-NOISE OPERATIONAL AMPLIFIERS (alldatasheet 27244),https://www.alldatasheet.com/datasheet-pdf/pdf/27244/TI/NE5532.html,third_party_mirror,medium,"Search summary identified this copy as SLOS075H, May 2004. The NE5532P entry (https://www.alldatasheet.com/datasheet-pdf/pdf/27248/TI/NE5532P.html) is probably the same era."
NE5532,Texas Instruments,SLOS075,G (possible),NOVEMBER 1979 – REVISED JUNE 2002,"NE5532, NE5532A DUAL LOW-NOISE OPERATIONAL AMPLIFIERS",https://www.experimentalistsanonymous.com/diy/Datasheets/NE5532.pdf,third_party_mirror,low,SLOS075G (June 2002) exists per search summaries. It is not certain which mirror holds it: this one or http://www.e-ele.net/DataSheet/NE5532.pdf.
NE5532,Texas Instruments,SLOS075,A or C (pre-SA5532 naming),REVISED SEPTEMBER 1990 (A) or JUNE 2000 (C),"NE5532, NE5532A, NE5532I, NE5532AI DUAL LOW-NOISE OPERATIONAL AMPLIFIERS",https://physexp.thu.edu.tw/~mengwen/exp-electronics/datasheet/NE5532P.pdf,third_party_mirror,low,Uses the old NE5532I/NE5532AI naming. Search summaries named SLOS075A (Sep 1990) and SLOS075C (Jun 2000) without tying them to a URL. Same title also at https://www.tomek.cedro.info/files/electronics/doc/ic_various/NE5532.PDF
NE5532,Texas Instruments,SLOS075,"unknown (older lower-case TI layout, probably C–H)",unknown,dual low-noise operational amplifiers (Octopart NE5532AP),https://datasheet.octopart.com/NE5532AP-Texas-Instruments-datasheet-26446538.pdf,distributor_mirror,low,Old-format title; revision letter not seen.
NE5532,Texas Instruments,PCN 20260429001.1,.1,"April 30, 2026",PCN 20260429001.1 – datasheet change SLOS075J to SLOS075K,https://mm.digikey.com/Volume0/opasdata/d220001/medias/docus/8949/PCN20260429001.1.pdf,distributor_mirror,high,"Electrical-spec change notice for NE5532/NE5532A/SA5532/SA5532A orderables, 'to more accurately reflect device characteristics'. Proposed first ship date Jul 29, 2026. Mouser copy: https://www.mouser.com/PCN/Texas_Instruments_Datasheet_90_Day_version_20260429001.1.pdf"
NE5532,Texas Instruments,PCN 20250730004.1,.1,"July 31, 2025","PCN 20250730004.1 – Qualification of RFAB using qualified Process Technology, Die Revision, Datasheet and BOM options for select devices",https://mm.digikey.com/Volume0/opasdata/d220001/medias/docus/7170/PCN20250730004.1.pdf,distributor_mirror,low,Returned by an NE5532 PCN search. That NE5532 is on its device list is NOT confirmed.
NE5532,Texas Instruments,PCN 20250129000.1,.1,"February 03, 2025","PCN 20250129000.1 – Qualification of RFAB using qualified Process Technology, Die Revision, and additional Assembly site (MLA) & BOM options",https://mm.digikey.com/Volume0/opasdata/d220001/medias/docus/6537/PCN_20250129000_1.pdf,distributor_mirror,low,RFAB 300 mm (HPA8) replacing DL-LIN/GFAB (P2CMOS). Surfaced alongside the NE5532/LM833 die threads. That it applies to NE5532 is unconfirmed.
NE5532,Texas Instruments,PCN 20241217004.1,.1,"about Dec 17, 2024 (from number)",PCN 20241217004.1 (title not captured),https://mm.digikey.com/Volume0/opasdata/d220001/medias/docus/6480/PCN20241217004.1.pdf,distributor_mirror,low,Returned for an 'NE5532 product change notification' query. Content and device list not seen.
NE5532,onsemi,NE5532/D,not captured,not captured,"NE5532, SA5532, SE5532 Internally Compensated Dual Low Noise Operational Amplifier",https://www.onsemi.com/pdf/datasheet/ne5532-d.pdf,vendor_current,medium,"Legacy-style spec: 9 V/us, 10 MHz, 600 ohm drive, higher supply limit (EEVblog). Also served at https://www.onsemi.com/download/data-sheet/pdf/NE5532-D.PDF"
NE5532,Fairchild,not captured,not captured,not captured,NE5532 Dual Low-Noise Operational Amplifier (Fairchild),https://www.mouser.com/datasheet/2/308/Fairchild_NE5532-1191772.pdf,distributor_mirror,medium,Fairchild datasheet frozen on Mouser (Fairchild is now onsemi).
NE5532,Philips Semiconductors (NXP),not captured,not captured,not captured,NE5532/NE5532A/SA5532/SE5532 Internally-compensated dual low noise operational amplifier,https://www.alldatasheet.com/datasheet-pdf/pdf/17968/PHILIPS/NE5532.html,third_party_mirror,medium,Philips (Signetics-lineage) 12-page datasheet; alldatasheet labels it NXP. Page view: https://www.alldatasheet.com/html-pdf/17968/PHILIPS/NE5532/745/3/NE5532.html
NE5532,Signetics,not captured,not captured,not captured,Signetics NE5532 datasheets (index),https://datasheetarchive.com/signetics%20NE5532-datasheet.html,third_party_mirror,low,Index of scanned Signetics-era data-book pages. Individual documents not identified.
NE5532,JRC / Nisshinbo,NJM5532_E,not captured,not captured,NJM5532 Dual Low-Noise Operational Amplifier,http://www.njr.com/semicon/PDF/NJM5532_E.pdf,vendor_legacy,medium,Legacy New JRC URL used as the datasheet link in the KiCad symbol libraries. Probably dead now; use the Wayback Machine.
NE5532,JRC / Nisshinbo,n/a,n/a,n/a,NJM5532 product/spec page,https://www.nisshinbo-microdevices.co.jp/en/products/operational-amplifier/spec/?product=njm5532,product_page,medium,Current Nisshinbo page (from discovery notes); version history not captured.
NE5534,Texas Instruments,SLOS070,D,JULY 1979 - REVISED NOVEMBER 2014,"NE5534x, SA5534x Low-Noise Operational Amplifiers",https://www.ti.com/lit/ds/symlink/ne5534.pdf,vendor_current,high,"Current TI symlink, cited in KiCad symbol libraries. PDF metadata in a GitHub datasheet index reads 'Texas Instruments, Incorporated [SLOS070,D]'. EEVblog 1752 (June 2026) confirms that the latest datasheet on TI's site is still Nov 2014. The PDF metadata date of 2020-11-11 is from the original session only."
NE5534,Texas Instruments,SLOS070,D (current at time of search),REVISED NOVEMBER 2014,"NE5534x, SA5534x Low-Noise Operational Amplifiers",https://www.ti.com/lit/pdf/slos070,vendor_current,low,Unconfirmed URL: not re-verified in the fact-check. Standard TI literature-number alias that resolves to the current revision. Useful for archive snapshots.
NE5534,Texas Instruments,SLOS070,current (D),-,NE5534 datasheet (TI document viewer / product datasheet alias),https://www.ti.com/document-viewer/NE5534/datasheet,vendor_current,medium,URL confirmed as cited in a GitHub project README. The older alias http://www.ti.com/product/NE5534/datasheet is also cited.
NE5534,Texas Instruments,SLOS070D,D,REVISED NOVEMBER 2014,"NE5534x, SA5534x Low-Noise Operational Amplifiers (Rev. D)",https://www.mouser.com/catalog/specsheets/texas%20instruments_ne5534.pdf,distributor_mirror,low,"Unconfirmed URL: seen in the original session's search results (titled '(Rev. D)'), not re-verified."
NE5534,Texas Instruments,SLOS070D,D (inferred from new-format title),REVISED NOVEMBER 2014 (inferred),"NE5534x, SA5534x Low-Noise Operational Amplifiers",https://static6.arrow.com/aropdfconversion/5161ed8c47595103f34b3df2b303c417ba15ec93/183ne5534.pdf,distributor_mirror,low,Unconfirmed URL. The title and header matched the current TI template in the original session. No SLOS070E exists as of June 2026 (Nov 2014 is still the latest).
NE5534,Texas Instruments,SLOS070D,D (inferred from title),unknown,"NE5534x, SA5534x Low-Noise Operational Amplifiers",https://studylib.net/doc/18476356/ne5534x--sa5534x-low-noise-operational,third_party_mirror,low,Unconfirmed URL. Title in the new-template format.
NE5534,Texas Instruments,SLOS070,unknown (27-page count suggests the new-template rev D),unknown,NE5534AD Low-Noise Operational Amplifiers (27 pages),https://htmlapp.alldatasheet.com/html-pdf/785135/TI1/NE5534AD/299/5/NE5534AD.html,third_party_mirror,low,Unconfirmed URL. alldatasheet 'TI1' entry; the revision is not visible.
NE5534,Texas Instruments,SLOS070C,C,JULY 1979 - REVISED SEPTEMBER 2004,"NE5534, NE5534A, SA5534, SA5534A (Rev. C)",https://www.audiophonics.fr/images2/8765/slos070c-198676.pdf,third_party_mirror,low,"Unconfirmed URL: seen in the original session. The file name is slos070c and the title reads 'NE5534, NE5534A, SA5534. SA5534A LOW-NOISE OPERATIONAL AMPLIFIERS' (period typo). Best candidate Rev C copy."
NE5534,Texas Instruments,SLOS070C,C,REVISED SEPTEMBER 2004,"NE5534, NE5534A, SA5534, SA5534A (Rev. C)",https://www.jameco.com/Jameco/Products/ProdDS/27406.pdf,distributor_mirror,low,Unconfirmed URL. Jameco copy titled '(Rev. C)' in the original session.
NE5534,Texas Instruments,SLOS070C,C,REVISED SEPTEMBER 2004,"NE5534, NE5534A, SA5534, SA5534A (Rev. C)",https://www.sigmaelectronica.net/manuals/NE5534.pdf,third_party_mirror,low,Unconfirmed URL. Titled '(Rev. C)' in the original session.
NE5534,Texas Instruments,SLOS070C,C,REVISED SEPTEMBER 2004,"NE5534, NE5534A, SA5534, SA5534A (Rev. C)",https://www.yumpu.com/en/document/view/33247896/ne5534-ne5534a-sa5534-sa5534a-rev-c-tehnariru,third_party_mirror,low,Unconfirmed URL. Yumpu copy (originally from Tehnari.ru) titled '(Rev. C)'.
NE5534,Texas Instruments,SLOS070B or SLOS070C,B or C (likely C),2004,"NE5534, NE5534A, SA5534. SA5534A LOW-NOISE OPERATIONAL AMPLIFIERS",https://www.mouser.com/catalog/specsheets/texas%20instruments_sa5534.pdf,distributor_mirror,low,Unconfirmed URL. Old Mouser catalog copy filed under SA5534; the revision is not visible.
NE5534,Texas Instruments,SLOS070B or SLOS070C,B or C (likely C),2004,"NE5534, NE5534A, SA5534. SA5534A LOW-NOISE OPERATIONAL AMPLIFIERS",https://www.capi-gear.com/catalog/images/gallery/opamps/IC/NE5534-datasheet.pdf,third_party_mirror,low,Unconfirmed URL. Hosted by Capi-gear (pro-audio DIY vendor). Same typo'd title as the slos070c copy.
NE5534,Texas Instruments,SLOS070B,B,JULY 1979 - REVISED FEBRUARY 2004,"NE5534, NE5534A (Rev. B)",https://www.ampslab.com/PDF/ne5534p.pdf,third_party_mirror,low,Unconfirmed URL. Titled '(Rev. B)' with header date Feb 2004 in the original session. It is reportedly the first revision with SA5534/SA5534A in the title. This is the only Rev B copy found.
NE5534,Texas Instruments,SLOS070,unknown (15 pages; probably a 2004-era B/C),unknown,"NE5534 datasheet (15 pages), LOW-NOISE OPERATIONAL AMPLIFIERS",https://www.alldatasheet.net/html-pdf/97431/TI/NE5534/45/2/NE5534.html,third_party_mirror,low,Unconfirmed URL. Revision not shown.
NE5534,Texas Instruments,SLOS070,original (no letter),JULY 1979 - REVISED SEPTEMBER 1990,"NE5534, NE5534A, SE5534, SE5534A LOW-NOISE OPERATIONAL AMPLIFIERS",http://www.ben.cz/_d/datasheet/ne5534.pdf,third_party_mirror,low,"Unconfirmed URL: seen in the original session, not re-verified. It is the oldest TI edition found, covering the SE5534 military grades. Features listed: 3.5 nV/rtHz, 10 MHz, 32 Vpp at +/-18 V into 600 ohm, +/-3 to +/-20 V supply."
NE5534,Texas Instruments,SLOS070,probably original Sep 1990 (inferred from SE5534 title),unknown,"NE5534, NE5534A, SE5534, SE5534A LOW-NOISE OPERATIONAL AMPLIFIERS",https://www.silicon-ark.co.uk/datasheets/ne5534%20se5534%20datasheet%20texas.pdf,third_party_mirror,low,Unconfirmed URL. Same title as the 1990 TI edition.
NE5534,Texas Instruments,SLOS070,probably original Sep 1990 (inferred from title),unknown,"NE5534, NE5534A, SE5534, SE5534A LOW-NOISE OPERATIONAL AMPLIFIERS (SE5534FKB)",https://app-api.xcc.com/download/non-auth/rest/download-pdf?url=333d39ff315da52b88a3dcc34bb388631169884fb2a93f3510cc9e9b16fe4b0c7f8e5eccb3057017a545106c0faa1553600d68e6c934c4b91db5fbdf8e8edef38378cc51235611cc09b2dc87e1c56fe26fef517674b809de38effeb3e525f65b8f1b7358844c11b8d41556f01e821b81&filename=SE5534FKB.pdf,third_party_mirror,low,"Unconfirmed URL. Copy from a distributor aggregator, filed under TI SE5534FKB."
NE5534,Texas Instruments,SLOS070,unknown (7-page count suggests the 1990-era edition),unknown,NE5534 / NE5534A LOW-NOISE OPERATIONAL AMPLIFIERS (7 pages),https://www.alldatasheet.com/datasheet-pdf/pdf/27246/TI/NE5534.html,third_party_mirror,low,Unconfirmed URL. Sibling alldatasheet entries are 27247 (NE5534A) and 27255 (NE5534AP).
NE5534,Texas Instruments,SLOS070,unknown,unknown,NE5534 Datasheet - Texas Instruments,https://datasheet4u.com/datasheet/etcTI/NE5534-1502989,third_party_mirror,low,Unconfirmed URL. Revision not visible. The NE5534A entry is at https://datasheet4u.com/datasheet/etcTI/NE5534A-1502990.
NE5534,Texas Instruments,-,-,-,NE5534 / NE5534A product folders,https://www.ti.com/product/NE5534,product_page,high,The product folder path is confirmed (ti.com/product/NE5534/datasheet is cited on GitHub). The NE5534A folder (https://www.ti.com/product/NE5534A) and the part-details pages for NE5534P and NE5534AP are from the original session only.
NE5534,onsemi (ON Semiconductor),NE5534/D,unknown,unknown,"NE5534 - Single Low Noise Operational Amplifier (NE5534, SA5534, SE5534, NE5534A, SA5534A, SE5534A)",https://www.onsemi.com/pdf/datasheet/ne5534-d.pdf,vendor_current,low,Unconfirmed URL (current onsemi path pattern; not re-verified). The document's existence and its Signetics-derived 'TL083' wording are confirmed via a scraped text snippet.
NE5534,onsemi (ON Semiconductor),NE5534/D,unknown,unknown,NE5534 - Single Low Noise Operational Amplifier,https://www.onsemi.com/download/data-sheet/pdf/ne5534-d.pdf,vendor_current,low,Unconfirmed URL. Alternative onsemi download path.
NE5534,onsemi (ON Semiconductor),NE5534/D,unknown,unknown,NE5534 - Single Low Noise Operational Amplifier,https://www.mouser.com/datasheet/2/308/NE5534-D-99992.pdf,distributor_mirror,low,Unconfirmed URL. Mouser mirror of onsemi NE5534/D; it may be frozen at an older revision.
NE5534,ON Semiconductor,NE5534/D,unknown,unknown,NE5534/D (legacy Collateral path),http://www.onsemi.com/pub/Collateral/NE5534-D.PDF,vendor_legacy,medium,"Legacy ON URL, confirmed as cited in an old article (echalkpad/articles). Whether it is still live is unknown. Good Wayback seed for older ON revisions."
NJM4580,Texas Instruments,SLOS412E,E,APRIL 2003 – REVISED NOVEMBER 2024,RC4580 Dual Audio Operational Amplifier datasheet (Rev. E),https://www.ti.com/lit/ds/symlink/rc4580.pdf,vendor_current,high,"Current revision; header date confirmed in search results. Change list vs Rev D not captured. Issued about 7 months after TI PCN 20240429005.1 (RFAB, die revision, datasheet updates for select devices)."
NJM4580,Texas Instruments,SLOS412E,E,APRIL 2003 – REVISED NOVEMBER 2024,"RC4580 Dual Audio Operational Amplifier (Rev. E, revision-specific path)",https://www.ti.com/lit/ds/slos412e/slos412e.pdf,vendor_revision_specific,high,Seen in search results with a ts= query parameter.
NJM4580,Texas Instruments,SLOS412E,E,REVISED NOVEMBER 2024,RC4580 Dual Audio Operational Amplifier datasheet (Rev. E) - gpn link,https://www.ti.com/lit/gpn/RC4580,vendor_current,high,TI generic-part-number redirect; search-result title shows Rev. E.
NJM4580,Texas Instruments,SLOS412 (Japanese translation; revision not captured),unknown,unknown,RC4580 デュアル オーディオ オペアンプ (Japanese translation),https://www.ti.com/jp/lit/ds/symlink/rc4580.pdf,vendor_current,medium,Search-result title: '1 特長 • 動作電圧±2V～±18V • 低いノイズ電圧：0.8μVrms • ゲイン帯域幅積：12MHz'. TI JP translations often lag the English revision.
NJM4580,Texas Instruments,SLOS412 (revision not captured),unknown,unknown,RC4580 datasheet (TI China path),http://www.ti.com.cn/cn/lit/ds/symlink/rc4580.pdf,vendor_current,low,Unconfirmed URL: cited as the datasheet link in HTCTEK/kicad-lib on GitHub; not seen in search results.
NJM4580,Texas Instruments,SLOS412D,D,APRIL 2003 – REVISED NOVEMBER 2014,RC4580 Dual Audio Operational Amplifier datasheet (Rev. D),https://download.mikroe.com/documents/datasheets/RC4580%20Datasheet.pdf,third_party_mirror,high,Frozen Rev D copy (search-result title shows Rev. D).
NJM4580,Texas Instruments,SLOS412D,D,REVISED NOVEMBER 2014,RC4580 Dual Audio Operational Amplifier (Rev. D),https://datasheet.octopart.com/RC4580IP-Texas-Instruments-datasheet-41205041.pdf,distributor_mirror,high,Octopart mirror; title shows Rev. D.
NJM4580,Texas Instruments,SLOS412D,D,REVISED NOVEMBER 2014,RC4580 Dual Audio Operational Amplifier datasheet (Rev. D),https://static.chipdip.ru/lib/435/DOC012435847.pdf,distributor_mirror,high,ChipDip mirror; title shows Rev. D.
NJM4580,Texas Instruments,SLOS412D,D,REVISED NOVEMBER 2014,RC4580 Dual Audio Operational Amplifier (Rev. D),https://cdn.semikey.com/upload/pdfs/a2/9e/a29ef952fc7292edc5820d7316097931.pdf,distributor_mirror,high,Semikey mirror; title shows Rev. D.
NJM4580,Texas Instruments,SLOS412D,D,REVISED NOVEMBER 2014,RC4580 Dual Audio Operational Amplifier (Texas Instruments),https://datasheet4u.com/datasheet/etcTI/RC4580-1414440,third_party_mirror,medium,A search summary identified it as SLOS412D.
NJM4580,Texas Instruments,SLOS412 (probably D),probably D (inferred),not captured,RC4580 (new-style TI template: 'Product Folder Sample & Buy Technical Documents Tools'),https://www.mouser.com/datasheet/2/405/rc4580-405584.pdf,distributor_mirror,low,Mouser copy. Revision inferred from the c. 2014-2016 TI header template; not confirmed.
NJM4580,Texas Instruments,SLOS412 (probably D),probably D (inferred),not captured,RC4580 (new-style TI template),https://datasheet.octopart.com/RC4580IPWR-Texas-Instruments-datasheet-34147856.pdf,distributor_mirror,low,Same header template as the Mouser copy; revision inferred.
NJM4580,Texas Instruments,SLOS412C,C,APRIL 2003 – REVISED MARCH 2004,RC4580 Dual Audio Operational Amplifier (old TI template),https://datasheet.octopart.com/RC4580IPWR-Texas-Instruments-datasheet-153412.pdf,distributor_mirror,high,Search-result title shows 'SLOS412C − APRIL 2003 − REVISED MARCH 2004'. Oldest revision located.
NJM4580,Texas Instruments,SLOS412 (probably C),probably C,not captured,rc4580 dual audio operational amplifier,https://datasheet.octopart.com/RC4580ID-Texas-Instruments-datasheet-153412.pdf,distributor_mirror,medium,Same Octopart document id (153412) as the Rev C copy.
NJM4580,Texas Instruments,SLOS412C,C,REVISED MARCH 2004,RC4580 (Rev. C) - attachment on TI E2E,https://e2e.ti.com/cfs-file/__key/communityserver-discussions-components-files/6/1602.RC4580IDR.PDF,third_party_mirror,medium,"TI E2E forum attachment, titled 'RC4580 (Rev. C'."
NJM4580,Texas Instruments,SLOS412 (revision not captured),"unknown (old all-caps template, likely C)",not captured,RC4580 DUAL AUDIO OPERATIONAL AMPLIFIER,https://www.farnell.com/datasheets/1446359.pdf,distributor_mirror,low,Farnell copy; the all-caps title matches the pre-2014 template.
NJM4580,Texas Instruments,SLOS412 (revision not captured),unknown,not captured,RC4580 datasheet (1/10 pages) TI | DUAL AUDIO OPERATIONAL AMPLIFIER,https://www.alldatasheet.com/html-pdf/82525/TI/RC4580/20/1/RC4580.html,third_party_mirror,low,All-caps title suggests the old template.
NJM4580,Texas Instruments,SLOS412 (revision not captured),unknown,not captured,RC4580 Datasheet pdf - Dual Audio Operational Amplifier,https://www.datasheetcatalog.com/datasheets_pdf/R/C/4/5/RC4580.shtml,third_party_mirror,low,Likely a 2000s-era copy.
NJM4580,Texas Instruments,SLOS412 (revision not captured),unknown,not captured,RC4580 Dual Audio Operational Amplifier,https://documents.cdn.ifixit.com/OPVCYYLMUQi1N3aA.pdf,third_party_mirror,low,iFixit-hosted copy.
NJM4580,Texas Instruments,SLOS412 (revision not captured),unknown,not captured,RC4580IDR Datasheet,https://www.radiolocman.com/datasheet/data.html?di=147315,third_party_mirror,low,RadioLocman mirror; an RC4580IP copy is at di=82701.
NJM4580,Texas Instruments,SLOS707A,A,DECEMBER 2010 – REVISED JULY 2012,"Dual Audio Operational Amplifier, RC4580-Q1 datasheet",https://www.ti.com/lit/ds/symlink/rc4580-q1.pdf,vendor_current,high,Automotive variant; header seen in search result.
NJM4580,Texas Instruments,SLOS707 (revision not captured),unknown,not captured,RC4580-Q1 Datasheet - Dual Audio Operational Amplifier,https://datasheet4u.com/datasheets/etcTI/RC4580-Q1/1414441,third_party_mirror,low,Seen in search results.
NJM4580,Nisshinbo Micro Devices,NJM4580_E,20250303,2025-03-03,NJM4580 Datasheet(E) - DUAL OPERATIONAL AMPLIFIER,https://www.nisshinbo-microdevices.co.jp/en/pdf/datasheet/NJM4580_E.pdf,vendor_current,low,"Unconfirmed URL: not seen in any search-result link list, though the pattern matches the confirmed NJM4580_J.pdf. The 20250303 English edition itself is confirmed from a GitHub copy: page header 'NJM4580 - 1 - 20250303 / NJM4580D / NJM4580L are the NRND products'; PDF metadata Author 'Nisshinbo Micro Devices Inc.', created 2025-03-07, modified 2025-04-15."
NJM4580,Nisshinbo Micro Devices,NJM4580_J,20250303,2025-03-03,NJM4580 オーディオ用2回路入りオペアンプ (Japanese),https://www.nisshinbo-microdevices.co.jp/ja/pdf/datasheet/NJM4580_J.pdf,vendor_current,high,Search-result title: 'NJM4580 - 1 - 20250303 NJM4580D / NJM4580L は保守品です'.
NJM4580,Nisshinbo Micro Devices,NJM4580_E,20250303,2025-03-03,NJM4580 Datasheet(E) 20250303 (hobbyist repo copy),https://github.com/indare/pcb_work/blob/c6d3acc4e15273756a5de0ede66dc656917d916f/Audio/datasheets/opamps/NJR_NJM4580.pdf,third_party_mirror,high,"Read directly for this check (5 pages; sha1 7852ec05c7a0e6b30910ce9921f45ec98e66e543). Holds the full electrical table, the D-rank note and the NRND note."
NJM4580,Nisshinbo Micro Devices,n/a,n/a,n/a,NJM4580 Series product page,https://www.nisshinbo-microdevices.co.jp/en/products/operational-amplifier/spec/?product=njm4580,product_page,high,Product and ordering page (D-rank note: NJM4580DD/MD/ED/LD).
NJM4580,New Japan Radio (NJR),NJM4580_E,unknown,unknown,"NJM4580 Dual Operational Amplifier (English, NJR-era legacy URL)",http://www.njr.com/semicon/PDF/NJM4580_E.pdf,vendor_legacy,medium,Legacy URL cited as the datasheet link in the official KiCad symbol library (KiCad/kicad.github.io) and dozens of projects. Live status not checked; a good Wayback seed.
NJM4580,New Japan Radio (NJR),NJM4580_J,unknown,unknown,"NJM4580 (Japanese, NJR-era legacy URL)",http://semicon.njr.co.jp/jpn/PDF/NJM4580_J.pdf,vendor_legacy,low,"Unconfirmed URL: cited once, in WatanabeSeisakujo/HeadPhoneAmp on GitHub; edition not seen."
NJM4580,New Japan Radio (NJR),NJM4580_E,Ver.2012-09-14,2012-09-14,"NJM4580 DUAL OPERATIONAL AMPLIFIER (English, Mouser copy)",https://www.mouser.com/datasheet/2/294/NJM4580_E-218114.pdf,distributor_mirror,high,Search-result title: 'NJM4580 - 1 - Ver.2012-09-14 DUAL OPERATIONAL AMPLIFIER'. Frozen NJR-era English edition.
NJM4580,New Japan Radio (NJR),NJM4580_j,Ver.2012-09-14,2012-09-14,NJM4580 オーディオ用2回路入りオペアンプ (Akizuki copy),https://akizukidenshi.com/goodsaffix/NJM4580_j.pdf,distributor_mirror,high,Search-result title shows 'Ver.2012-09-14'.
NJM4580,New Japan Radio (NJR),NJM4580 (Japanese),Ver.2012-02-24,2012-02-24,NJM4580 オーディオ用2回路入りオペアンプ (RS Components copy),https://docs.rs-online.com/2cc4/0900766b81149bbe.pdf,distributor_mirror,high,Search-result title shows 'Ver.2012-02-24'. An intermediate 2012 edition.
NJM4580,New Japan Radio (JRC),njm4580d,Ver.2003-03-13,2003-03-13,NJM4580 オーディオ用2回路入りオペアンプ (Marutsu copy),https://www.marutsu.co.jp/contents/shop/marutsu/datasheet/njm4580d.pdf,distributor_mirror,high,Search-result title shows 'Ver.2003-03-13'. The earliest edition located.
NJM4580,New Japan Radio (JRC),njm4580,Ver.2003-03-13,2003-03-13,"NJM4580 (op316.com copy, Japanese)",http://www.op316.com/pdf/ic/njm4580.pdf,third_party_mirror,high,Search-result title shows 'Ver.2003-03-13'.
NJM4580,New Japan Radio (JRC),NJM4580,Ver.2003-03-13,2003-03-13,"NJM4580 (e-ele.net copy, Japanese)",http://www.e-ele.net/NJM4580.pdf,third_party_mirror,high,Search-result title shows 'Ver.2003-03-13'.
NJM4580,New Japan Radio (JRC),NJM4580,unknown,unknown,NJM4580 datasheet - Dual Operational Amplifier,https://www.datasheetcatalog.com/datasheets_pdf/N/J/M/4/NJM4580.shtml,third_party_mirror,low,Likely an early NJR edition.
NJM4580,New Japan Radio (JRC),NJM4580,unknown,unknown,"NJM4580 Datasheet, PDF - Alldatasheet",https://www.alldatasheet.com/view.jsp?Searchword=NJM4580&sField=2,third_party_mirror,low,Search page listing several NJR copies.
NJM4580,New Japan Radio (JRC),NJM4580,unknown,unknown,NJM4580 Datasheet - SOP AMPLIFIER | New Japan Radio,https://datasheet4u.com/datasheets/New-Japan-Radio/NJM4580/455110,third_party_mirror,low,NJR-branded copy.
NJM4580,New Japan Radio (JRC),NJM4580,unknown,unknown,NJM4580 datasheet - Dual Operational Amplifier (digchip),https://www.digchip.com/datasheets/parts/datasheet/2/330/NJM4580.php,third_party_mirror,low,Old mirror.
NJM4580,New Japan Radio (JRC),NJM4580,unknown,unknown,NJM4580 Dual Op-Amp Datasheet (Scribd),https://www.scribd.com/document/23880293/NJM4580-Opamp-Data-Sheet,third_party_mirror,low,"Uploaded about 2009 judging by the Scribd id range, so likely the Ver.2003-03-13 edition (inferred)."
NJM4580,Nisshinbo Micro Devices,n/a,n/a,n/a,NJM4580 Dual Operational Amplifiers - Nisshinbo | Mouser (new-product page),https://www.mouser.com/new/nisshinbo/njr-njm4580-audio-amplifiers/,product_page,medium,Distributor product overview seen in search results.
OPA1611,Texas Instruments,SBOS450,C,JULY 2009 – REVISED AUGUST 2014,"OPA161x SoundPlus High-Performance, Bipolar-Input Audio Operational Amplifiers (OPA1611, OPA1612)",https://www.ti.com/lit/ds/symlink/opa1612.pdf,vendor_current,high,"Verified from two TI-served copies of this URL. PDF metadata title '... datasheet (Rev. C)', keywords 'SBOS450,SBOS450C', 34 pages, package addendum 10-Nov-2025. Copy 1: 1,540,184 bytes, SHA-256 d1df82fa…, generated 2025-11-11 (jeffmhopkins/POGO record; dfnr2/terra-eda-library LFS). Copy 2: 1,573,947 bytes, generated 2026-08-11 (indare/pcb_work). The text is identical apart from the T&R page date. Still current in Aug 2026. The KiCad standard library references the http:// form of this URL."
OPA1611,Texas Instruments,SBOS450,C,JULY 2009 – REVISED AUGUST 2014,OPA161x SoundPlus datasheet (OPA1611 symlink),https://www.ti.com/lit/ds/symlink/opa1611.pdf,vendor_current,high,"This is shared literature with the OPA1612 symlink. The URL is referenced in a hobbyist KiCad library (schenkmi/electronic-projects, truncated to '.pd'), and the previous run saw a Rev C snippet for it."
OPA1611,Texas Instruments,SBOS450,C,JULY 2009 – REVISED AUGUST 2014,"OPA161x SoundPlus datasheet, revision-specific URL",https://www.ti.com/lit/ds/sbos450c/sbos450c.pdf,vendor_revision_specific,low,"Unconfirmed URL. The previous run reported seeing it in search results with a ?ts= parameter. It could not be re-checked in this pass because the web-search budget was exhausted, and GitHub code search found no reference to it. Revision-specific URLs for Rev A and B were never seen and appear only as inferred archive seeds."
OPA1611,Texas Instruments,SBOS450,C (current),REVISED AUGUST 2014,OPA1612 (GPN redirect),https://www.ti.com/lit/gpn/OPA1612,vendor_current,high,TI's generic part-number redirect to the current datasheet. TI parametric data mirrored on GitHub (732124645/- ti_parts.csv) lists it as https://www.ti.com/lit/gpn/opa1612.
OPA1611,Texas Instruments,SBOS450,C (current),REVISED AUGUST 2014,OPA1611 (GPN redirect),https://www.ti.com/lit/gpn/OPA1611,vendor_current,low,"Unconfirmed URL. It comes from discovery evidence and follows TI's standard GPN pattern, but it was not re-checked in this pass."
OPA1611,Texas Instruments,SBOS450,C,2014,OPA1612 product page,https://www.ti.com/product/OPA1612,product_page,high,"The URL appears (as http://) in an independent URL corpus on GitHub. The previous run saw the page listing the '... datasheet (Rev. C)' at 1.56 MB. TI parametric data: lifecycle ACTIVE; Features 'Burr-Brown™ Audio, Premium Sound, Small Size'; packages SOIC (D) and WSON (DRG)."
OPA1611,Texas Instruments,SBOS450,C,2014,OPA1611 product page,https://www.ti.com/product/OPA1611,product_page,low,Unconfirmed URL. It comes from discovery evidence and was not re-checked in this pass.
OPA1611,Texas Instruments (GitHub hobby-repo copy),SBOS450,C,JULY 2009 – REVISED AUGUST 2014,TI_OPA1612.pdf,https://raw.githubusercontent.com/indare/pcb_work/main/Audio/datasheets/opamps/TI_OPA1612.pdf,third_party_mirror,high,"Downloaded and parsed: SHA-256 a7b107d9642294fa29e688c6b5f9ea606c52c298c848a125291cc3e661e67c59, 1,573,947 bytes, PDF generated 2026-08-11. It contains the full change log for A→B and B→C."
OPA1611,Texas Instruments (GitHub LFS copy),SBOS450,C,JULY 2009 – REVISED AUGUST 2014,opa1612.pdf (dfnr2/terra-eda-library),https://media.githubusercontent.com/media/dfnr2/terra-eda-library/HEAD/datasheets/ti/opa1612.pdf,third_party_mirror,high,"Added in this pass. Downloaded and parsed: 1,540,184 bytes, SHA-256 d1df82fa9ca489528d4d676c86e9770e4154fbc7d984093e1ba0a9ae33512de6 (the same file as the jeffmhopkins/POGO record). PDF generated 2025-11-11, package addendum 10-Nov-2025, T&R page 24-Jul-2025. It is Rev C, not an older revision."
OPA1611,Texas Instruments (university mirror),SBOS450,C (probable),REVISED AUGUST 2014 (probable),opa1612.pdf (UIUC ECE course materials),https://jontallen.ece.illinois.edu/uploads/403/G7-software.S18/DOC/OpAmpDatasheets/opa1612.pdf,third_party_mirror,low,"Unconfirmed URL, not re-checked in this pass. The previous run judged it Rev C from the snippet's front-page curve text; the header was not seen."
OPA1611,Texas Instruments (Octopart mirror),SBOS450,C (probable),REVISED AUGUST 2014 (probable),OPA1611AID datasheet,https://datasheet.octopart.com/OPA1611AID-Texas-Instruments-datasheet-159115552.pdf,distributor_mirror,low,"Unconfirmed URL, not re-checked in this pass. The previous run judged it Rev C-style from the snippet title."
OPA1611,Texas Instruments (Octopart mirror),SBOS450,C (probable),REVISED AUGUST 2014 (probable),OPA1611AID datasheet,https://datasheet.octopart.com/OPA1611AID-Texas-Instruments-datasheet-140571573.pdf,distributor_mirror,low,"Unconfirmed URL, not re-checked in this pass. Rev C-style judging from the snippet title."
OPA1611,Texas Instruments (alldatasheetcn mirror),SBOS450,C (probable),REVISED AUGUST 2014 (probable),"OPA1612 SoundPlus High-Performance, Bipolar-Input Audio Operational Amplifiers",https://www.alldatasheetcn.com/html-pdf/764691/TI/OPA1612/354/12/OPA1612.html,third_party_mirror,low,"Unconfirmed URL, not re-checked in this pass. 31 pages under the SoundPlus title, which is the Rev C format; the addendum length varies between downloads."
OPA1611,Texas Instruments (Mouser mirror),SBOS450,"A or B (pre-2014, unconfirmed)",unknown (≤ JULY 2011),OPA1612 OPA1611 Burr-Brown Audio …,https://www.mouser.com/ds/2/405/opa1612-200626.pdf,distributor_mirror,low,"Unconfirmed URL, not re-checked in this pass. A 'Burr-Brown Audio' front page with no THD+N curve points to a pre-Rev C copy. The revision letter was not seen. A good candidate for freezing Rev A or B."
OPA1611,Texas Instruments (Octopart mirror),SBOS450,"A or B (pre-2014, unconfirmed)",unknown (≤ JULY 2011),OPA1612 OPA1611 Burr-Brown Audio Pre-Output Driver …,https://datasheet.octopart.com/OPA1611AID-Texas-Instruments-datasheet-21221010.pdf,distributor_mirror,low,"Unconfirmed URL, not re-checked in this pass. Pre-Rev C front page per the previous run's snippet."
OPA1611,Texas Instruments (Reichelt mirror),SBOS450,"A or B (pre-2014, unconfirmed)",unknown,OPA_1612_DB.pdf (Burr-Brown Audio IN- Pre-Output Driver …),https://cdn-reichelt.de/documents/datenblatt/A200/OPA_1612_DB.pdf,distributor_mirror,low,"Unconfirmed URL, not re-checked in this pass. Its front-page text order differs from the Mouser and Qobuz copies. Since Rev B 'Updated front-page figure', the two layouts may be different pre-C revisions."
OPA1611,Texas Instruments (Qobuz mirror),SBOS450,"A or B (pre-2014, unconfirmed)",unknown,opa1611.pdf (Burr-Brown Audio Pre-Output Driver …),https://static.qobuz.com/info/IMG/pdf/opa1611.pdf,third_party_mirror,low,"Unconfirmed URL, not re-checked in this pass. Pre-Rev C front page per the previous run's snippet."
OPA1611,Texas Instruments (ic114 mirror),SBOS450,"A or B (pre-2014, unconfirmed)",unknown,OPA1611.PDF (Burr-Brown Audio IN- Pre-Output Driver …),http://product.ic114.com/PDF/O/OPA1611.PDF,third_party_mirror,low,"Unconfirmed URL, not re-checked in this pass. Pre-Rev C front page with the same layout as the Reichelt copy."
OPA1611,Texas Instruments (alldatasheet mirror),SBOS450,"A or B (pre-2014, unconfirmed)",unknown,OPA1612 High-Performance Bipolar-Input AUDIO OPERATIONAL AMPLIFIERS (21 pages),https://www.alldatasheet.com/datasheet-pdf/pdf/311775/TI/OPA1612.html,third_party_mirror,low,"Unconfirmed URL, not re-checked in this pass. Old title and 21 pages; Rev C has 34 pages including the addendum."
OPA1611,Texas Instruments (alldatasheet mirror),SBOS450,"A or B (pre-2014, unconfirmed)",unknown,OPA1611 High-Performance Bipolar-Input AUDIO OPERATIONAL AMPLIFIERS,https://www.alldatasheet.com/datasheet-pdf/pdf/311774/TI/OPA1611.html,third_party_mirror,low,"Unconfirmed URL, not re-checked in this pass. Old title, from the same scrape batch as 311775."
OPA1611,Texas Instruments (alldatasheet mirror),SBOS450,unknown (likely C),unknown,OPA1612 Datasheet (TI2),https://www.alldatasheet.com/datasheet-pdf/pdf/2204181/TI2/OPA1612.html,third_party_mirror,low,"Unconfirmed URL, not re-checked in this pass. The revision was not seen."
OPA1611,Texas Instruments (RadioLocman mirror),SBOS450,unknown,unknown,OPA1612 / OPA1611 datasheet,https://www.radiolocman.com/datasheet/data.html?di=305459,third_party_mirror,low,"Unconfirmed URL, not re-checked in this pass. di=305457 is reportedly the OPA1611. The revision was not seen."
OPA1611,Texas Instruments (datasheet4u mirror),SBOS450,unknown,unknown,OPA1612 Datasheet - SOIC Amplifiers,https://datasheet4u.com/datasheets/etcTI/OPA1612/1413231,third_party_mirror,low,"Unconfirmed URL, not re-checked in this pass. 1413230 is reportedly the OPA1611. The revision was not seen."
OPA1611,Texas Instruments,SLOS931,A,NOVEMBER 2015 – REVISED NOVEMBER 2015,"OPA1612-Q1 SoundPlus High-Performance, Bipolar-Input Audio Operational Amplifier",https://www.ti.com/lit/ds/symlink/opa1612-q1.pdf,vendor_current,medium,"The URL is referenced in a SamacSys KiCad library (stefantquach/steDAC, ts=1598979880613, i.e. Sep 2020). Revision A and its date are confirmed by the header of TI's OPA1612-Q1 PSpice model dated 24AUG2022. Whether a later revision exists after 2022 was not checked."
OPA1611,Texas Instruments,SLOS931,current,unknown,OPA1612-Q1 (GPN redirect),https://www.ti.com/lit/gpn/opa1612-q1,vendor_current,low,Unconfirmed URL. It follows TI's standard GPN pattern but was not re-checked in this pass.
OPA1611,Texas Instruments,SLOS931,current,unknown,OPA1612-Q1 product page,https://www.ti.com/product/OPA1612-Q1,product_page,low,"Unconfirmed URL, not re-checked in this pass. The orderable OPA1612AQDRQ1 is confirmed in the horizon-eda pool."
OPA1611,Texas Instruments (Mouser mirror),SLOS931,A (probable),NOVEMBER 2015 (probable),"OPA1612-Q1 SoundPlus High-Performance, Bipolar-Input …",https://www.mouser.com/datasheet/2/405/1/opa1612_q1-3378818.pdf,distributor_mirror,low,"Unconfirmed URL, not re-checked in this pass. The previous run's search summary gave SLOS931A."
OPA1611,"Texas Instruments (Octopart mirror, Chinese translation)",unknown (TI Chinese translation),unknown,unknown,OPA1612-Q1 SoundPlus 高性能、双极输入音频运算放大器,https://datasheet.octopart.com/OPA1612AQDRQ1-Texas-Instruments-datasheet-152588635.pdf,distributor_mirror,low,"Unconfirmed URL, not re-checked in this pass. Chinese translation of the Q1 datasheet; the document number was not seen."
OPA1611,Texas Instruments (alldatasheet mirror),SLOS931,unknown (likely A),2015 (from the _15 suffix),OPA1612-Q1 / OPA1612-Q1_15,https://www.alldatasheet.com/datasheet-pdf/pdf/785943/TI1/OPA1612-Q1.html,third_party_mirror,low,"Unconfirmed URL, not re-checked in this pass. A related copy is reportedly at https://www.alldatasheet.net/datasheet-pdf/download/764692/TI/OPA1612-Q1_15.html."
OPA604,Texas Instruments,SBOS006,A,September 2000 - Revised December 2015,"OPA2604 Dual FET-Input, Low-Distortion Operational Amplifier datasheet (Rev. A)",https://www.ti.com/lit/ds/symlink/opa2604.pdf,vendor_current,medium,"Current TI symlink. The URL is listed as the source by the indare/pcb_work project, whose 2026 copy of the PDF reads 'SBOS006A – SEPTEMBER 2000 – REVISED DECEMBER 2015' (PDF ModDate 2018-04-10; package addendum 9-Apr-2015). The URL was not fetched directly."
OPA604,Texas Instruments,SBOS006,A,September 2000 - Revised December 2015,"OPA2604 Dual FET-Input, Low-Distortion Operational Amplifier (GitHub copy of TI PDF)",https://github.com/indare/pcb_work/blob/c6d3acc4e15273756a5de0ede66dc656917d916f/Audio/datasheets/opamps/TI_OPA2604.pdf,third_party_mirror,high,"Read in full for this check: 29 pages, PDF title '(Rev. A)', keywords 'SBOS006,SBOS006A'. Holds the revision history table and the 9-Apr-2015 orderable addendum (all seven OPA2604 orderables ACTIVE)."
OPA604,Texas Instruments (Burr-Brown layout),SBOS006 / PDS-1069E,original (unlettered) SBOS006; Burr-Brown body E,"©1991 Burr-Brown, printed October 1997; TI package addendum dated 3-Oct-2003","OPA2604 Dual FET-Input, Low Distortion OPERATIONAL AMPLIFIER (text transcription)",https://github.com/bingran-you/bingran-you/blob/c86d46839ca979285213104e52d9ff50625b7fdf/papers/papers-in-zotero/technical%20documents/analog%20circuits/Dual_FET-Input_Low_Distortion_Operational_Amplifier.md,third_party_mirror,high,"Zotero text extraction of the TI-distributed pre-2015 edition. It has the Burr-Brown header (www.burr-brown.com/databook/OPA2604.html), an 'SBOS006' stamp and a PDS number extracted as 'PDS-11069E' (read as PDS-1069E). The TI addendum lists OPA2604AP, OPA2604AU and OPA2604AU/2K5 as ACTIVE. The electrical table matches SBOS006A."
OPA604,Texas Instruments,SBOS006,A,Revised December 2015,"OPA2604 Dual FET-Input, Low-Distortion Operational Amplifier",https://mm.digikey.com/Volume0/opasdata/d220001/medias/docus/842/OPA2604.pdf,distributor_mirror,low,Unconfirmed URL. Reported to be the DigiKey copy of SBOS006A.
OPA604,Texas Instruments,SBOS006,unknown (likely A),unknown,OPA2604 Datasheet by Texas Instruments (HTML rendering),https://www.digikey.com/htmldatasheets/production/3362271/0/0/1/opa2604.html,distributor_mirror,low,Unconfirmed URL. Revision not shown.
OPA604,Texas Instruments (Burr-Brown layout),SBOS006,"original (unlettered), Burr-Brown body PDS-1069E (probable)",Oct 1997 body (probable),"OPA2604 Dual FET-Input, Low Distortion Operational Amplifier",https://www.mouser.com/ds/2/405/sbos006-92662.pdf,distributor_mirror,low,Unconfirmed URL. Old Burr-Brown-style layout. Probably the same edition as the transcription above (PDS-1069E body plus TI addendum).
OPA604,Texas Instruments (Burr-Brown layout),SBOS006 / PDS-1069E,original (probable),unknown,"OPA2604 (FEATURES: LOW DISTORTION 0.0003% at 1kHz, LOW NOISE 10nV/√Hz)",https://media.digikey.com/pdf/Data%20Sheets/Texas%20Instruments%20PDFs/OPA2604.pdf,distributor_mirror,low,Unconfirmed URL. Older DigiKey media copy in the Burr-Brown layout.
OPA604,Burr-Brown,PDS-1069E,E,October 1997,"OPA2604 Dual FET-Input, Low Distortion OPERATIONAL AMPLIFIER",https://hirokun.jp/OPA2604.pdf,third_party_mirror,low,Unconfirmed URL. The PDS-1069E / Oct 1997 edition itself is confirmed by the GitHub transcription.
OPA604,Burr-Brown,PDS-1069E (probable),E (probable),1997 (probable),OPA2604 Datasheet (PDF) - Burr-Brown (TI),https://www.alldatasheet.com/datasheet-pdf/pdf/56744/BURR-BROWN/OPA2604.html,third_party_mirror,low,Unconfirmed URL. The OPA2604AP entry is reported at https://www.alldatasheet.com/datasheet-pdf/pdf/56745/BURR-BROWN/OPA2604AP.html
OPA604,Texas Instruments,SBOS006 (probable),unknown,unknown,"OPA2604AP datasheet (alldatasheetcn, TI1)",https://pdf1.alldatasheetcn.com/datasheet-pdf/view/785955/TI1/OPA2604AP.html,third_party_mirror,low,"Unconfirmed URL. It is the 'Datasheet' property of OPA2604AP in the KiCad symbol library (mirrored in many GitHub repos, e.g. bdebyl/kicad-symbols). The page was not opened."
OPA604,Burr-Brown,PDS-1069x,unknown,unknown,OPA2604 Dual FET-Input / Low Distortion OPERATIONAL AMPLIFIER,https://datasheet4u.com/datasheet/Burr-Brown/OPA2604-475618,third_party_mirror,low,Unconfirmed URL. Also reported at https://datasheet4u.com/datasheets/Burr-Brown/OPA2604/475618
OPA604,Texas Instruments,SBOS006,unknown,unknown,TEXAS INSTRUMENTS (OPA2604AP) DUAL AUDIO OPA,https://datasheet.octopart.com/OPA2604AP-Texas-Instruments-datasheet-8220307.pdf,distributor_mirror,low,Unconfirmed URL. The OPA2604AU copy is reported at https://datasheet.octopart.com/OPA2604AU-Texas-Instruments-datasheet-8222821.pdf
OPA604,Texas Instruments,SBOS006,"unknown (uploaded Feb 2017, so original or A)",unknown,TEXAS INSTRUMENTS (OPA2604AU) DUAL AUDIO OPA,https://d148k72crfmm2d.cloudfront.net/wp-content/uploads/2017/02/OPA2604AU.pdf,third_party_mirror,low,Unconfirmed URL. Third-party CDN copy.
OPA604,Texas Instruments,SBOS006,unknown,unknown,OPA2604AP datasheet (block diagram: Distortion Rejection Circuitry),https://datasheets.b-cdn.net/files/OPA2604AP-Texas-Instruments-datasheet-101600610.pdf,third_party_mirror,low,Unconfirmed URL.
OPA604,Texas Instruments / Burr-Brown,unknown,unknown,unknown,OPA2604,https://www.hestore.hu/prod_getfile.php?id=9409,distributor_mirror,low,Unconfirmed URL. Hungarian distributor copy.
OPA604,Texas Instruments,unknown,unknown,unknown,OPA2604AU - Parts ConneXion,https://www.yumpu.com/en/document/view/24492840/opa2604au-parts-connexion,third_party_mirror,low,Unconfirmed URL. Datasheet redistributed by the Parts Connexion retailer.
OPA604,Texas Instruments,SBOS019,A (per mirrors),"Jan 1992, revised Sep 2003 (per earlier search summary; not re-verified)","FET-Input, Low Distortion Operational Amplifier datasheet (OPA604)",https://www.ti.com/lit/gpn/OPA604,vendor_current,low,Unconfirmed URL (standard TI gpn pattern; not fetched in this pass).
OPA604,Texas Instruments,SBOS019,n/a,n/a,OPA604 product page,https://www.ti.com/product/OPA604,product_page,low,Unconfirmed URL (standard TI product-page pattern). The 'active' status and the OPA2604 page's 'discontinued' status were not re-verified.
OPA604,Texas Instruments,SBOS019,A (probable),fetched from ti.com Jan 2024 (ts=1704384231040 in URL),"FET-Input, Low Distortion OPERATIONAL AMPLIFIER (OPA604)",https://www.mouser.com/datasheet/2/405/1/opa604_pdf_3fts_3d1704384231040_26ref_url_3dhttps_-3379165.pdf,distributor_mirror,low,Unconfirmed URL. Reported Mouser snapshot of the ti.com OPA604 PDF.
OPA604,Texas Instruments,SBOS019A,A,"Jan 1992, revised Sep 2003 (per earlier summary)","OPA604 FET-Input, Low Distortion Operational Amplifier",https://cdn-reichelt.de/documents/datenblatt/A200/OPA_604_DB.pdf,distributor_mirror,low,Unconfirmed URL. An earlier summary identified it as SBOS019A.
OPA604,Texas Instruments,SBOS019A,A (probable),unknown,"OPA604 FET-Input, Low Distortion Operational Amplifier",https://www.pe1abr.nl/HCC/pdf/OPA604.PDF,third_party_mirror,low,Unconfirmed URL. Hobby-site copy.
OPA604,Texas Instruments,SBOS019,unknown,unknown,OPA604 Datasheet Texas Instruments,https://www.radiolocman.com/datasheet/data.html?di=306221&%2FOPA604=,third_party_mirror,low,Unconfirmed URL. An OPA604AP copy is reported at https://www.radiolocman.com/datasheet/data.html?/OPA604AP=&di=82264
OPA604,Texas Instruments,SBOS019,unknown (TI-branded),unknown,OPA604 Datasheet (PDF) - Texas Instruments,https://www.alldatasheet.com/datasheet-pdf/pdf/170748/TI/OPA604.html,third_party_mirror,low,Unconfirmed URL.
OPA604,Texas Instruments,SBOS019,unknown,unknown,THE DATASHEET OF OPA604AP (win-source),https://live-final.oss-us-west-1.aliyuncs.com/263950/OPA604AP.pdf,distributor_mirror,low,Unconfirmed URL. Broker copy with a cover banner.
OPA604,Burr-Brown,PDS-1161C,C,"©1992, printed May 1995 (per earlier summary)","OPA604 FET-Input, Low Distortion OPERATIONAL AMPLIFIER",https://dfs.uib.es/GTE/education/industrial/ins_electronica_I/opa604.pdf,third_party_mirror,low,Unconfirmed URL. University (UIB) copy of the Burr-Brown original.
OPA604,Burr-Brown,PDS-1161C (probable),C (probable),1995 (probable),"OPA604 datasheet - Burr-Brown (TI) FET-Input, Low Distortion OPERATIONAL AMPLIFIER",https://www.alldatasheet.com/datasheet-pdf/pdf/56785/BURR-BROWN/OPA604.html,third_party_mirror,low,Unconfirmed URL. The HTML view is reported at https://html.alldatasheet.com/html-pdf/56785/BURR-BROWN/OPA604/500/1/OPA604.html and OPA604AP at https://www.alldatasheet.com/datasheet-pdf/pdf/56786/BURR-BROWN/OPA604AP.html
OPA604,Burr-Brown,PDS-1161x,unknown,unknown,"OPA604 Datasheet pdf - FET-Input, Low Distortion OPERATIONAL AMPLIFIER - Burr Brown",https://www.datasheetcatalog.com/datasheets_pdf/O/P/A/6/OPA604.shtml,third_party_mirror,low,Unconfirmed URL. Also reported at https://datasheet4u.com/datasheets/Burr-Brown/OPA604/475772 and https://datasheetspdf.com/pdf/475772/Burr-Brown/OPA604/1
OPA604,Burr-Brown / Texas Instruments,unknown,unknown,unknown,OPA604AP (FEATURES: LOW DISTORTION 0.0003% at 1kHz),http://datasheet.buhieen.net/OPA604AP.pdf,third_party_mirror,low,Unconfirmed URL. Old-layout copy.
OPA604,Burr-Brown / Texas Instruments,unknown,unknown,unknown,OPA604 FET-Input Op Amp Datasheet,https://studylib.net/doc/18581372/opa604-pdf,third_party_mirror,low,Unconfirmed URL. Studylib copy.
OPA627,Texas Instruments,SBOS165,C (per discovery run; not re-verified),revised January 2025 (per discovery run),"OPA6x7 Precision, High-Speed JFET Operational Amplifiers",https://www.ti.com/lit/ds/symlink/opa627.pdf,vendor_current,medium,"The URL is real: third-party datasheet download scripts use it. It always serves the current revision. Per the discovery run, Rev C moved the OPA627BU to production, deleted the Difet references, carries the revision history on p.33, and its header first line reads 'August 2000'. None of these details were re-verified in this pass."
OPA627,Texas Instruments,SBOS165,current,not captured,"OPA6x7 Precision, High-Speed JFET Operational Amplifiers",https://www.ti.com/lit/gpn/OPA637,vendor_current,low,"Unconfirmed URL: a GPN redirect to the combined datasheet, reported by the discovery run and not confirmed in this pass."
OPA627,Texas Instruments,SBOS165,current,not captured,"OPA6x7 Precision, High-Speed JFET Operational Amplifiers",https://www.ti.com/lit/gpn/OPA627,vendor_current,low,"Unconfirmed URL: a GPN redirect, reported by the discovery run and not confirmed in this pass."
OPA627,Texas Instruments,SBOS165,current,not captured,OPA6x7 datasheet (Japanese TI site GPN link),https://www.ti.com/jp/lit/gpn/OPA637,vendor_current,low,"Unconfirmed URL, taken from the discovery notes."
OPA627,Texas Instruments,n/a,n/a,n/a,OPA627 product folder,https://www.ti.com/product/OPA627,product_page,high,A third-party EDA library uses this product folder as its manufacturer_link. The part-details page https://www.ti.com/product/OPA627/part-details/OPA627BU is an unconfirmed URL.
OPA627,Texas Instruments,SBOS165,"unknown (linked in 2004, so pre-Rev A; probably the original Sep 2000 SBOS165)",link cited c.2004,OPA627/637 datasheet (legacy focus.ti.com link),http://focus.ti.com/lit/ds/symlink/opa627.pdf,vendor_legacy,medium,"A real legacy TI URL, cited as 'TI OPA627/637 spec sheet' on the MIT OCW 2.76 (Fall 2004) course page. It is a good Wayback seed for the pre-2015 edition. The revision is inferred from the date."
OPA627,Texas Instruments,SBOS165,A (inferred),September 2000 - revised October 2015 (inferred),OPA627 and OPA637 Precision High-Speed Difet Operational Amplifiers,https://www.cimarrontechnology.com/wp-content/uploads/2021/06/opa627.pdf,third_party_mirror,low,"Unconfirmed URL. According to the discovery run, the title still says 'Difet' and the header shows TI's 2015-format 'Product Folder / Sample & Buy' block with Trim on pins 1 and 5."
OPA627,Texas Instruments,SBOS165,A (inferred),revised October 2015 (inferred),OPA627 and OPA637 Precision High-Speed Difet Operational Amplifiers,https://datasheets.b-cdn.net/files/OPA627AU-Texas-Instruments-datasheet-60566259.pdf,third_party_mirror,low,Unconfirmed URL. The discovery run's header snippet shows the Rev A format with the Trim pins still present.
OPA627,Texas Instruments,SBOS165,A (probable),not captured,OPA627 and OPA637 Precision High-Speed Difet Operational Amplifiers,https://www.mouser.com/datasheet/2/405/opa627-406898.pdf,distributor_mirror,low,Unconfirmed URL. Rev A is inferred from the title wording.
OPA627,Texas Instruments,SBOS165,A (probable),not captured,OPA627 and OPA637 Precision High-Speed Difet,https://docs.rs-online.com/8208/A700000006723769.pdf,distributor_mirror,low,Unconfirmed URL (RS Components copy). Rev A is inferred from the title wording.
OPA627,Texas Instruments,SBOS165,A (probable),not captured,OPA627 and OPA637 Precision High-Speed Difet Operational Amplifiers,https://www.scribd.com/document/406461823/opa627-pdf,third_party_mirror,low,Unconfirmed URL (Scribd upload). Rev A is inferred from the title wording.
OPA627,Burr-Brown,not captured (Burr-Brown PDS number unknown),unknown,March 1998 ('Printed in U.S.A.'; per discovery run),OPA627 OPA637 Precision High-Speed Difet Operational Amplifiers,https://instrumentation.obs.carnegiescience.edu/ccd/parts/OPA627.pdf,third_party_mirror,low,"Unconfirmed URL. A Burr-Brown-era edition hosted by Carnegie Observatories and the oldest edition reported. It lists 4.5 nV/rtHz at 10 kHz, 550 ns settling, 100 uV Vos, 0.8 uV/C, 5 pA and +/-4.5 to +/-18 V."
OPA627,Burr-Brown,not captured,unknown (probably Burr-Brown edition),not captured,OPA627 OPA637 Precision High-Speed Difet Operational Amplifiers,https://www.experimentalistsanonymous.com/diy/Datasheets/OPA627.pdf,third_party_mirror,low,Unconfirmed URL. The title format matches the Burr-Brown edition.
OPA627,Burr-Brown / Texas Instruments,not captured,"unknown (probably Burr-Brown edition under a TI cover sheet, c.2000-2001)",not captured,OPA627AP datasheet (TI cover sheet 'The content and copyrights of the attached...'),https://datasheet.octopart.com/OPA627AP-Texas-Instruments-datasheet-8442248.pdf,distributor_mirror,low,Unconfirmed URL. That this is the Burr-Brown-era content is inferred.
OPA627,Burr-Brown,not captured,unknown (Burr-Brown era),not captured,OPA627 Datasheet(PDF) - Burr-Brown (TI),https://www.alldatasheet.com/datasheet-pdf/pdf/56789/BURR-BROWN/OPA627.html,third_party_mirror,low,"Unconfirmed URL. Sibling pages were reported for OPA627AP (56794), BP (56791), AU (56795) and BM (56790)."
OPA627,Burr-Brown,not captured,unknown (Burr-Brown era),not captured,OPA627AP Datasheet(PDF) - Burr-Brown (TI),https://www.alldatasheet.com/datasheet-pdf/pdf/56794/BURR-BROWN/OPA627AP.html,third_party_mirror,low,Unconfirmed URL (alldatasheet copy).
OPA627,Burr-Brown,not captured,unknown (Burr-Brown era),not captured,OPA627BP Datasheet(PDF) - Burr-Brown (TI),https://www.alldatasheet.com/datasheet-pdf/pdf/56791/BURR-BROWN/OPA627BP.html,third_party_mirror,low,Unconfirmed URL (alldatasheet copy).
OPA627,Burr-Brown,not captured,unknown (Burr-Brown era),not captured,OPA627AU Datasheet(PDF) - Burr-Brown (TI),https://www.alldatasheet.com/datasheet-pdf/pdf/56795/BURR-BROWN/OPA627AU.html,third_party_mirror,low,Unconfirmed URL (alldatasheet copy).
OPA627,Burr-Brown,not captured,unknown (Burr-Brown era),not captured,OPA627BM Datasheet(PDF) - Burr-Brown (TI),https://www.alldatasheet.com/datasheet-pdf/pdf/56790/BURR-BROWN/OPA627BM.html,third_party_mirror,low,"Unconfirmed URL (alldatasheet copy, TO-99 page)."
OPA627,Burr-Brown,not captured,unknown (Burr-Brown era),not captured,"OPA627 Datasheet, OPERATIONAL AMPLIFIERS (Burr-Brown)",https://datasheetspdf.com/pdf/475777/Burr-Brown/OPA627/1,third_party_mirror,low,"Unconfirmed URL. The same document id is reported at https://datasheet4u.com/datasheet-pdf/Burr-Brown/OPA627/pdf.php?id=475777, also unconfirmed."
OPA627,Texas Instruments,not captured,unknown,not captured,"OPA627BM datasheet - ti OPA627, Precision High-speed ...",https://www.digchip.com/datasheets/parts/datasheet/477/OPA627BM.php,third_party_mirror,low,Unconfirmed URL. The revision is not visible.
OPA627,Texas Instruments,not captured,unknown,not captured,OPA627 Datasheet Texas Instruments,https://www.radiolocman.com/datasheet/data.html?di=306237,third_party_mirror,low,"Unconfirmed URL. An OPA627BP copy was reported at di=82272, also unconfirmed."
OPA627,Texas Instruments,not captured,unknown,not captured,THE DATASHEET OF OPA627AU (win-source),https://live-final.oss-us-west-1.aliyuncs.com/263961/OPA627AU.pdf,distributor_mirror,low,Unconfirmed URL (broker-stamped copy).
OPAx132,Texas Instruments,SBOS054,C,January 1995 - Revised August 2024,OPAx132 High-Speed FET-Input Operational Amplifiers,https://www.ti.com/lit/ds/symlink/opa132.pdf,vendor_current,medium,Current TI symlink. The URL is real: the http:// form is cited as the TI OPA132 datasheet in Upverter part data. Rev C and its 'Changed OPA132 pin 1 and pin 8 from Offset Trim to NC' entry come from the original research's search summary and were not re-verified here. First revision to document the new-fab die.
OPAx132,Texas Instruments,SBOS054,C (presumed; one document covers OPA132/2132/4132),January 1995 - Revised August 2024 (presumed),OPAx132 High-Speed FET-Input Operational Amplifiers,https://www.ti.com/lit/ds/symlink/opa2132.pdf,vendor_current,medium,The URL is real: a 2016-era KiCad library cites http://www.ti.com/lit/ds/symlink/opa2132.pdf with the title 'OPAx132 High-Speed FET-Input Operational Amplifiers' (the Rev B-era title). The current revision is presumed C.
OPAx132,Texas Instruments,SBOS054,current,n/a,"OPA132 data sheet, product information and support",https://www.ti.com/product/OPA132,product_page,low,"Unconfirmed URL: not re-checked because the search budget was exhausted. Canonical TI product-page pattern; the original research quoted its text ('8-MHz, 5-pA')."
OPAx132,Texas Instruments,SBOS054,current,n/a,"OPA4132 data sheet, product information and support",https://www.ti.com/product/OPA4132,product_page,low,Unconfirmed URL: not re-checked. Canonical TI product-page pattern for the quad.
OPAx132,Texas Instruments,SBOS054,B or C (header not seen),Rev B: January 1995 - Revised September 2015,OPAx132 High-Speed FET-Input Operational Amplifiers,https://studylib.net/doc/18558336/opax132-high-speed-fet-input-operational,third_party_mirror,low,"Unconfirmed URL. Rev B's existence and date are confirmed by the TI PSpice header ('Datasheet: SBOS054B -JANUARY 1995-REVISED SEPTEMBER 2015', OPA132.LIB dated 05FEB2019). The OPAx132 format means this copy is B or C. Rev B is the last revision with Offset Trim on pins 1/8."
OPAx132,Texas Instruments,SBOS054,A or original (footer not seen),Rev A: January 1995 - Revised June 2004 (not re-verified),"OPA132, OPA2132, OPA4132 High-Speed FET-Input Operational Amplifiers",https://datasheet.octopart.com/OPA2132PA-Texas-Instruments-datasheet-111710.pdf,distributor_mirror,low,"Unconfirmed URL. Old Burr-Brown-style layout ('FEATURES G FET INPUT: IB = 50pA max'). Could be SBOS054A, the original SBOS054 or a Burr-Brown print."
OPAx132,Texas Instruments,SBOS054 (revision letter not seen),unknown (old format),unknown,OPA132 OPA2132 OPA4132 High-Speed FET-INPUT Operational Amplifiers,https://www.westfloridacomponents.com/mm5/graphics/ds/2132.pdf,distributor_mirror,low,Unconfirmed URL. Old-format distributor copy; revision not identified.
OPAx132,Texas Instruments,SBOS054 (revision letter not seen),unknown,unknown,TEXAS INSTRUMENTS (OPA2132P) 8 LD PDIP FET OP ...,https://datasheet.octopart.com/OPA2132P-Texas-Instruments-datasheet-8195493.pdf,distributor_mirror,low,Unconfirmed URL. Distributor-wrapped copy for the high-grade OPA2132P.
OPAx132,Texas Instruments,SBOS054 (revision letter not seen),unknown,unknown,OPA132U datasheet (distributor-wrapped),https://datasheet.octopart.com/OPA132U-Texas-Instruments-datasheet-8443430.pdf,distributor_mirror,low,Unconfirmed URL. Only a distributor cover page was seen.
OPAx132,Texas Instruments,SBOS054 (revision letter not seen),unknown,unknown,TEXAS INSTRUMENTS (OPA4132UA) 14 LD. SOIC FET ...,https://www.jameco.com/Jameco/Products/ProdDS/905491.pdf,distributor_mirror,low,Unconfirmed URL. Jameco copy for the OPA4132UA.
OPAx132,Texas Instruments,SBOS054 (revision letter not seen),unknown,unknown,OPA2132UA datasheet,https://fevaris.com/storage/datasheets/5011/OPA2132UA.pdf,distributor_mirror,low,Unconfirmed URL. Distributor copy.
OPAx132,Burr-Brown,unknown (Burr-Brown PDS number not retrieved),unknown (Burr-Brown era),unknown (origin January 1995),"OPA132, 2132, 4132: High Speed FET-Input Operational Amplifiers",https://users.ece.utexas.edu/~valvano/Datasheets/OPA132.pdf,third_party_mirror,low,"Unconfirmed URL. UT Austin (Valvano) copy. The feature list reported by the original research: IB 50 pA max, 8 MHz, 20 V/us, 8 nV/rtHz, 0.00008%, +/-2.5 to +/-18 V."
OPAx132,Burr-Brown,unknown,unknown (Burr-Brown era),unknown,High-Speed FET-INPUT OPERATIONAL AMPLIFIERS (OPA132),https://www.alldatasheet.com/datasheet-pdf/pdf/82130/BURR-BROWN/OPA132.html,third_party_mirror,low,Unconfirmed URL. alldatasheet Burr-Brown copy.
OPAx132,Burr-Brown,unknown,unknown,unknown,OPA132 High-Speed FET-INPUT OPERATIONAL AMPLIFIERS,https://www.alldatasheet.com/datasheet-pdf/pdf/56731/BURR-BROWN/OPA132.html,third_party_mirror,low,Unconfirmed URL. Second alldatasheet Burr-Brown copy.
OPAx132,Burr-Brown,unknown,unknown,unknown,OPA132PA High-Speed FET-INPUT OPERATIONAL AMPLIFIERS,https://www.alldatasheet.com/datasheet-pdf/pdf/56736/BURR-BROWN/OPA132PA.html,third_party_mirror,low,Unconfirmed URL. alldatasheet copy indexed under OPA132PA.
OPAx132,Texas Instruments,SBOS054 (revision letter not seen),unknown (TI era),unknown,OPA132 Datasheet (TI),https://www.alldatasheet.com/datasheet-pdf/pdf/785781/TI1/OPA132.html,third_party_mirror,low,"Unconfirmed URL. TI-labelled copy; the high ID suggests a later upload, possibly SBOS054B."
OPAx132,Burr-Brown,unknown,unknown,unknown,OPA132 datasheet - High Speed FET-INPUT OPERATIONAL AMPLIFIERS,https://www.datasheetcatalog.com/datasheets_pdf/O/P/A/1/OPA132.shtml,third_party_mirror,low,Unconfirmed URL. datasheetcatalog Burr-Brown copy.
OPAx132,Burr-Brown,unknown,unknown,unknown,OPA132 DataSheet | Burr-Brown,https://datasheetspdf.com/pdf/475538/Burr-Brown/OPA132/1,third_party_mirror,low,Unconfirmed URL. The OPA2132 equivalent is reportedly at https://datasheetspdf.com/pdf/475548/Burr-Brown/OPA2132/1 (also unconfirmed).
OPAx132,Burr-Brown,unknown,unknown,unknown,BURR BROWN OPA132/OPA2132/OPA4132 handbook,https://archive.org/details/manuallib-id-2650524,archive,low,Unconfirmed URL. Internet Archive (manuallib mirror) item.
OPAx132,Burr-Brown,unknown,unknown,unknown,OPA132 Burr-Brown High Speed FET-INPUT OPERATIONAL AMPLIFIERS,https://www.chipfind.net/datasheet/burr-brown/opa132.htm,third_party_mirror,low,Unconfirmed URL. ChipFind copy.
OPAx132,Texas Instruments,SBOS054 (revision letter not seen),unknown,unknown,OPA132 Datasheet Texas Instruments,https://radiolocman.com/datasheet/data.html?%2FOPA132=&di=305441,third_party_mirror,low,"Unconfirmed URL. The query string looks re-encoded; the native form is probably data.html?di=305441&/OPA132. Related di values reported: OPA132U 49006, OPA132U/2K5G4 232513, OPA4132 306029, OPA2132UAE4 82615."
OPAx134,Texas Instruments,SBOS058,B,Revised November 2024 (KiCadAI provenance record; EEVblog 1752 calls the new sheet 'the November 2024' one). TI E2E dates Rev B to August 2024.,"OPAx134 High-Performance, SoundPlus Audio Operational Amplifiers",https://www.ti.com/lit/ds/symlink/opa2134.pdf,vendor_current,medium,"Current symlink. The dshills/KiCadAI registry records this URL as 'TI SBOS058B, revised November 2024' (sha256 75004d4d...). It describes the new-fab die: OPA134 pins 1/8 NC, headroom 21.3, channel separation 128 dB. Mouser file names encode fetches of 'opa2134.pdf?ts=...', which confirms this symlink."
OPAx134,Texas Instruments,SBOS058,current (B at time of research),2024,"OPAx134 High-Performance, SoundPlus Audio Operational Amplifiers",https://www.ti.com/lit/ds/symlink/opa134.pdf,vendor_current,low,Unconfirmed URL: not seen directly in a search result. The Mouser mirror file name 'opa134_pdf_3fts_3d1724780991259' implies TI served opa134.pdf?ts=... in Aug 2024. It should be the same combined document as the OPA2134 symlink.
OPAx134,Texas Instruments,SBOS058,current,2024,"OPAx134 High-Performance, SoundPlus Audio Operational Amplifiers",https://www.ti.com/lit/pdf/sbos058,vendor_current,high,Literature-number URL. The search result title matches the current TI-format document.
OPAx134,Texas Instruments,SBOS058,current,unknown,"OPA134, OPA2134, OPA4134",https://www.ti.com/lit/gpn/OPA134,vendor_current,high,"Generic-part-number redirect to the current datasheet (seen in search results). https://www.ti.com/lit/gpn/OPA2134 is also seen in search results, titled both 'OPA134, OPA2134, OPA4134' and 'OPAx134 High-Performance, SoundPlus...'."
OPAx134,Texas Instruments,SBOS058,"probably B, August 2024 issue (inferred)",The TI 'ts' fetch timestamp decodes to 27 Aug 2024.,"OPAx134 High-Performance, SoundPlus Audio Operational Amplifiers (Mouser copy)",https://www.mouser.lt/datasheet/2/405/1/opa134_pdf_3fts_3d1724780991259_26ref_url_3dhttps_-3415891.pdf,distributor_mirror,low,"The URL appears in search results. It was fetched from TI days after the Aug 2024 Rev B release, and a search summary mentions an 'SBOS058B ... revised August 2024' version. If so, it may hold the August issue that preceded the Nov 2024 reissue. Check the header."
OPAx134,Texas Instruments,SBOS058,probably A (inferred),The TI 'ts' fetch timestamp decodes to 4 Jan 2024 (before Rev B).,OPAx134 datasheet (Mouser copy; first extracted text is the THD+Noise vs Frequency graph),https://www.mouser.com/datasheet/2/405/1/opa2134_pdf_3fts_3d1704364966230_26ref_url_3dhttps-3378997.pdf,distributor_mirror,medium,"The URL appears in search results. It was fetched from TI before the 2024 Rev B, so it is most likely SBOS058A (Dec 1997, revised Oct 2015), the last old-die datasheet with offset-trim pins. Check the header."
OPAx134,Texas Instruments,SBOS058,unknown (older Mouser ID; title wording matches the pre-2015 BB-style sheet),unknown,"OPA134, OPA2134, OPA4134: High Performance Audio Operational Amplifiers (Mouser copy)",https://www.mouser.com/datasheet/2/405/opa2134-445535.pdf,distributor_mirror,low,"The URL appears in search results. Its title style differs from the 'OPAx134 ... SoundPlus' title of the 2015+ TI format, so it may be the original (unlettered) sheet. Check the header."
OPAx134,Texas Instruments (legacy host),SBOS058,unknown; before Oct 2015 when the Eagle libraries were written,DECEMBER 1997 original issue,SoundPLUS High Performance AUDIO OPERATIONAL AMPLIFIERS,http://focus.ti.com/lit/ds/sbos058/sbos058.pdf,vendor_legacy,medium,"Legacy focus.ti.com URL, cited as 'Source:' in Eagle libraries on GitHub (brain-duino/AD7173, ingolia-lab/turbidostat-development). The host is dead, so use the Wayback Machine. It likely holds the BB-format sheet with offset-trim pins."
OPAx134,Texas Instruments (legacy host),SBOS058,unknown (pre-2015 era),unknown,OPA2134 datasheet (legacy symlink),http://focus.ti.com/lit/ds/symlink/opa2134.pdf,vendor_legacy,medium,Cited in the CadSoft Eagle library ChangeLog (kernd/LIT-Eagle Libraries/ChangeLog.txt on GitHub): on 2009-02-27 linear.lbr added OPA2134/OPA4134 PA and UA variants with this URL as the description. Wayback captures from about 2009 should hold the pre-2015 sheet.
OPAx134,Texas Instruments (legacy host),SBOS058,whatever was current when fetched,unknown,OPA134 datasheet (getliterature redirect),http://www.ti.com/general/docs/lit/getliterature.tsp?genericPartNumber=OPA134&fileType=pdf,vendor_legacy,medium,"Old TI literature redirect, recorded as ComponentLink2URL in Altium ECO logs (AnushkaSamaranayake/Analog-Guitar-Headphone-Amplifier, 2023). Wayback captures may hold older revisions."
OPAx134,Burr-Brown,SBOS058,"Burr-Brown era, exact revision unknown",c. 1997-2000,OPA2134 datasheet (Burr-Brown),https://www.alldatasheet.com/datasheet-pdf/pdf/56739/BURR-BROWN/OPA2134.html,third_party_mirror,medium,Appears in search results as 'OPA2134 Datasheet(PDF) - Burr-Brown (TI)'. The Japanese mirror https://www.alldatasheet.jp/datasheet-pdf/pdf/56739/BURR-BROWN/OPA2134.html (also in search results) is recommended by Japanese hobbyists as the BB-era reference.
OPAx134,Burr-Brown,unknown,unknown (likely BB era),unknown,OPA134 OPA2134 OPA4134,https://www.audiodesignguide.com/HiResolution/opa2134.pdf,third_party_mirror,low,Hobby-site copy with the BB-style title (seen in search results). The revision is not visible.
OPAx134,Burr-Brown,unknown,unknown (BB-style title),unknown,OPA4134 - High Performance AUDIO OPERATIONAL AMPLIFIERS (SoundPlus TM),https://datasheetspdf.com/datasheet/OPA4134.html,third_party_mirror,low,Seen in search results. The title wording matches the original Burr-Brown sheet.
OPAx134,Texas Instruments,SBOS058,unknown,unknown,OPA2134 Datasheet Texas Instruments,https://www.radiolocman.com/datasheet/data.html?di=305551,third_party_mirror,low,Copy on a Russian datasheet site (seen in search results). The revision is not shown.
OPAx134,Texas Instruments,SBOS058,n/a,n/a,OPA2134 product page,https://www.ti.com/product/OPA2134,product_page,high,"Also https://www.ti.com/product/OPA134, https://www.ti.com/product/OPA4134 and https://www.ti.com/product/OPA134/part-details/OPA134PA (all seen in search results). TI SPICE models (SBOM042; an sbom042f folder is on GitHub; TI model files dated 29JAN2019) cite 'SBOS058A - DECEMBER 1997 - REVISED OCTOBER 2015'."
TL07x,Texas Instruments,SLOS080,W,SEPTEMBER 1978 - REVISED JULY 2025,"TL07xx Low-Noise, FET-Input Operational Amplifiers",https://www.ti.com/lit/ds/symlink/tl072.pdf,vendor_current,high,"Current revision (89 pp). Two copies downloaded in 2025-10 and 2026-08 are both Rev W (addendum dated 15-Jul-2026). Adds the old/new die note and the nomenclature table (CSO SFAB vs RFB), removes TL071 trim except on the PS package, and changes Features Vn to 37 nV. Local copy: /tmp/claude-0/-home-user-HiFi-Op-Amp-Legends-Map/f8f116a3-c1a3-5eda-a1ad-263f858ffade/scratchpad/tl07x/SLOS080W.pdf (sha256 40b14981...)."
TL07x,Texas Instruments,SLOS080,current (W),JULY 2025,TL07xx datasheet (tl071 symlink),https://www.ti.com/lit/ds/symlink/tl071.pdf,vendor_current,medium,Alias symlink widely referenced in KiCad libraries. Assumed to serve the same SLOS080 document; not fetched.
TL07x,Texas Instruments,SLOS080,current (W),JULY 2025,TL07xx datasheet (tl074 symlink),https://www.ti.com/lit/ds/symlink/tl074.pdf,vendor_current,medium,Alias symlink (seen in Mouser/SamacSys and KiCad references). Not fetched.
TL07x,Texas Instruments,SLOS080,current,,TL07xx datasheet (tl072h symlink),https://www.ti.com/lit/ds/symlink/tl072h.pdf,vendor_current,medium,Seen in KiCad projects (ts=2021). TL07xH has no separate datasheet; it lives in SLOS080 from Rev O.
TL07x,Texas Instruments,SLOS080,n/a,,TL072 product page,https://www.ti.com/product/TL072,product_page,medium,See also https://www.ti.com/product/TL072H. Neither was fetched (egress blocked).
TL07x,Texas Instruments,SLOS080,W,SEPTEMBER 1978 - REVISED JULY 2025,"TL07xx Low-Noise, FET-Input Operational Amplifiers (GitHub copy)",https://raw.githubusercontent.com/jcfurey/cambridge_reverb/HEAD/datasheets/TL072_TI.pdf,third_party_mirror,high,Header verified by text extraction. Byte-identical copy at https://raw.githubusercontent.com/reeenatamc/feuoir-interface/HEAD/docs/datasheets/tl072.pdf.
TL07x,Texas Instruments,SLOS080,W,REVISED JULY 2025,"TL07xx Low-Noise, FET-Input Operational Amplifiers (GitHub copy)",https://raw.githubusercontent.com/escaroda/goya1746/HEAD/docs/datasheets/tl072.pdf,third_party_mirror,high,"A different file build of Rev W (PDF ModDate 2025-10-28, sha256 019ed851...)."
TL07x,Texas Instruments,SLOS080,V,SEPTEMBER 1978 - REVISED APRIL 2023,TL07xx Low-Noise FET-Input Operational Amplifiers (GitHub copy),https://raw.githubusercontent.com/james-l-key/Esp32_patch_bay_circuit/HEAD/DataSheets/tl072.pdf,third_party_mirror,high,"Frozen Rev V (addendum 18-Jun-2025, 92 pp). It carries the full revision history N to V and still shows TL071 offset pins on D/P/PS. Local copy: scratchpad/tl07x/SLOS080V.pdf."
TL07x,Texas Instruments,SLOS080,U,DECEMBER 2022,TL07xx datasheet,,archive,high,"No copy located. Known from the Rev V revision history. This is the revision that moved non-PS/NS, non-M specs to the new-die values."
TL07x,Texas Instruments,SLOS080,T,DECEMBER 2021,TL07xx datasheet,,archive,high,No copy located. From the Rev V history (DCK pinout fix).
TL07x,Texas Instruments,SLOS080,S,JULY 2021,TL07xx datasheet,,archive,high,No copy located. TL071H released to production.
TL07x,Texas Instruments,SLOS080,R,JUNE 2021,TL07xx datasheet,,archive,high,No copy located. TL072H released to production.
TL07x,Texas Instruments,SLOS080,Q,JUNE 2021,TL07xx datasheet,https://www.ti.com/lit/ds/slos080q/slos080q.pdf,vendor_revision_specific,medium,"URL seen in the dodotronix/dodo_klibs KiCad symbol (ts=1623756311805, i.e. mid-June 2021). Not fetched; TI may no longer serve it."
TL07x,Texas Instruments,SLOS080,P,NOVEMBER 2020,TL07xx datasheet,,archive,high,No copy located.
TL07x,Texas Instruments,SLOS080,O,OCTOBER 2020,TL07xx datasheet,,archive,high,No copy located. First revision to include TL07xH.
TL07x,Texas Instruments,SLOS080,N,SEPTEMBER 1978 - REVISED JULY 2017,TL07xx Low-Noise JFET-Input Operational Amplifiers (GitHub copy),https://raw.githubusercontent.com/BertyBasset/Datasheet-Viewer/HEAD/Amplifiers/TL07xx%20low%20noise%20JFET%20Op%20Amp.pdf,third_party_mirror,high,"Last pre-TL07xH revision (addendum 6-Feb-2020, 69 pp). Legacy-die specs: 18 nV, 3 MHz, 13 V/us. History covers J to N. Local copy: scratchpad/tl07x/SLOS080N.pdf."
TL07x,Texas Instruments,SLOS080,M,FEBRUARY 2014,TL07xx datasheet,,archive,high,No copy located.
TL07x,Texas Instruments,SLOS080,L,FEBRUARY 2014,TL071 JFET-Input Operational Amplifiers,,archive,high,"Cited as 'SLOS080L, Feb. 2014' by zaccesss/two-stage-audio-amplifier REPORT.md. No copy located."
TL07x,Texas Instruments,SLOS080,K,JANUARY 2014,TL07xx datasheet,,archive,high,Format-only update from J ('no specification changes').
TL07x,Texas Instruments,SLOS080,J,MARCH 2005,TL071/TL072/TL074 datasheet,,archive,high,Date from the Rev K changelog. Altium vault libraries still tag TI TL072 parts 'DatasheetVersion SLOS080J' (e.g. Tartan-AUV/TAUV-Hardware ECO logs). Likely the long-lived 2005-2013 revision. No copy located.
TL07x,STMicroelectronics,DocID2298,Rev 8,June 2014,"TL072, TL072A, TL072B - Low noise JFET dual operational amplifiers",https://www.st.com/resource/en/datasheet/tl072.pdf,vendor_current,medium,Revision and date taken from the bandrews/whichpart C6961 summary; the PDF was not fetched. ST TL071/TL074 document numbers were not found.
4558,Texas Instruments,SLOS073,G,MARCH 1976 – REVISED OCTOBER 2014,RC4558 Dual General-Purpose Operational Amplifier,https://www.ti.com/lit/ds/symlink/rc4558.pdf,vendor_current,high,"Rev G is confirmed from a copy downloaded 2024-05-31, with package addendum 24-May-2024. The live symlink's current revision was not checked (network blocked)."
4558,Texas Instruments,SLOS073,G,MARCH 1976 – REVISED OCTOBER 2014 (addendum 24-May-2024),RC4558 Dual General-Purpose Operational Amplifier datasheet (Rev. G) - GitHub mirror,https://raw.githubusercontent.com/stickteo/HipHopAmp/5ac9735035aeb3f36abeb1c2c12ae915fe275007/datasheets/rc4558.pdf,third_party_mirror,high,"Full text read. PDF metadata: Keywords 'SLOS073,SLOS073G'. Revision History covers F (Sept 2010) → G."
4558,Raytheon Semiconductor,Raytheon Semiconductor databook section 3-575..3-594,1994 databook edition (year from the mirror's file name and notes; not printed on the extracted pages),1994,"RC4558 Dual High-Gain Operational Amplifier (with RC4559), databook pp. 3-575 to 3-594",https://raw.githubusercontent.com/chenshuo/nuedc/0cfc646efc7f70faa3c8cd0dc5a05a1315e89fef/docs/opamp/rc4558-1994.pdf,third_party_mirror,high,"Originator's datasheet: SR 0.8 V/µs, IB 40 nA, Rin 1 MΩ, UGBW 3 MHz. Includes the schematic and ordering codes RC4558N/M and RM4558D/T/883B. A companion RC4136 1994 sheet is at docs/opamp/rc4136-1994.pdf."
4558,Raytheon Semiconductor,n/a (magazine ad),n/a,1971 (Sept and Nov issues per the mirror),Linears from Raytheon Semiconductor - trade-press ad listing '4558 Dual 741',https://raw.githubusercontent.com/chenshuo/nuedc/0cfc646efc7f70faa3c8cd0dc5a05a1315e89fef/docs/opamp/rc4558-1971nov.pdf,third_party_mirror,medium,"Launch evidence, not a datasheet. The companion rc4558-1971sep.pdf announces the RM4558/RC4558 in a new-products column."
4558,New Japan Radio (JRC),JRC databook p.2-98,undated databook edition (older than Ver.2013; scan dated 2006 or earlier),not printed,"NJM4558/4559 Dual Operational Amplifier (databook page 2-98, JRC logo)",https://raw.githubusercontent.com/Edragon/edragon.github.io/4d7a32c0f6b4bb261d7b78382bca16ee5c6198d0/Chip-dat/JRC-dat/JRC4558D-dat/NJM4558.PDF,third_party_mirror,medium,"Image-only alldatasheet/chipdocs scan (PDF ModDate 2006-04-23), read visually. Topr -20~+75 C, IB typ 50 nA, VNI 1.4 µVrms at RS = 1 kΩ, no GBW row, packages D/M/E/L."
4558,New Japan Radio (NJR),NJM4558_NJM4559_E,Ver.2013-11-05,2013-11-05,NJM4558/4559 Dual Operational Amplifier,https://raw.githubusercontent.com/fmillion/yamaha-pss270/master/datasheets/NJM4558D.pdf,third_party_mirror,high,"Full text read. Adds GBW 3/6 MHz, the SSOP8 (V) package, Topr -40~+85 C, IB typ 25 nA and the D-rank note (VNI 1.8 µV max)."
4558,New Japan Radio (NJR),NJM4558_NJM4559_E,unknown (probably Ver.2013-11-05),unknown,NJM4558/NJM4559 datasheet (legacy NJR URL),http://www.njr.com/semicon/PDF/NJM4558_NJM4559_E.pdf,vendor_legacy,medium,URL referenced by the KiCad library and many projects (https variant also cited). Good Wayback seed for older NJR versions.
4558,Nisshinbo Micro Devices,NJM4558_E,unknown,unknown,NJM4558 datasheet (English),https://www.nisshinbo-microdevices.co.jp/en/pdf/datasheet/NJM4558_E.pdf,vendor_current,medium,"URL seen in a third-party parts database. Revision not read. The file name drops NJM4559, so that part may have been split out or dropped."
4558,Nisshinbo Micro Devices,n/a,n/a,n/a,NJM4558 product page,https://www.nisshinbo-microdevices.co.jp/en/products/operational-amplifier/spec/?product=njm4558,product_page,medium,Seen in a third-party parts database.
4558,Nisshinbo Micro Devices,NJM4558C_E,unknown,unknown,NJM4558C datasheet (English),https://www.nisshinbo-microdevices.co.jp/en/pdf/datasheet/NJM4558C_E.pdf,vendor_current,medium,"A separate 'C' part, cited by a KiCad project. NJR also published a PSpice model 'NJM4558C'. Not read."
AD8066,Analog Devices,02916 (pubcode D02916-0-1/19(L)),L (latest seen; presumed current),1/2019,"AD8065/AD8066 High Performance, 145 MHz FastFET Op Amps (Data Sheet)",https://www.analog.com/media/en/technical-documentation/data-sheets/AD8065_8066.pdf,vendor_current,medium,"Current ADI URL, cited as the datasheet link in many GitHub KiCad/EAGLE libraries and design notes (e.g. daniestevez/ADF4158_PCB, BehrensG/ADC7177M1, adamgreig/iggie). Not fetched in this pass. A revision after L was not ruled out."
AD8066,Analog Devices,D02916-0-1/19(L),L,1/2019,"AD8065/AD8066 (Rev. L) - High Performance, 145 MHz FastFET Op Amps",https://raw.githubusercontent.com/VagueDefine/WangLei/HEAD/content/200HARDWARE/100%E7%A1%AC%E4%BB%B6%E7%94%B5%E8%B7%AF/03-%E8%8A%AF%E7%89%87%E9%80%89%E5%9E%8B/0000assets/1%E3%80%81%E6%94%BE%E5%A4%A7%E5%99%A8%E9%80%89%E6%8B%A9/file-20260603105136022.pdf,third_party_mirror,high,"Local copy re-read: 28 pages. PDF metadata gives ADI Rev L, pubcode D02916-0-1/19(L), created 2019-01-28, re-saved by the uploader 2025-05-20. Holds the full Rev. 0 to Rev. L history. GitHub code search confirms the embedding markdown in VagueDefine/WangLei."
AD8066,Analog Devices,C02916-0-11/03(D),D,"11/2003 (copyright 2003; PDF created 2003-10-23, modified 2003-11-04)","AD8065/AD8066 High Performance, 145 MHz FastFET Op Amps Data Sheet (REV. D)",https://media.githubusercontent.com/media/ZERO-A-ONE/FZU-IS-404/HEAD/%E5%A4%A7%E4%B8%89/%E5%B5%8C%E5%85%A5%E5%BC%8F%E7%B3%BB%E7%BB%9F/%E8%8A%AF%E7%89%87%E6%89%8B%E5%86%8C/%E5%BC%80%E5%8F%91%E6%9D%BF%E8%8A%AF%E7%89%87%E8%B5%84%E6%96%99/AD8065%2CAD8066%E9%AB%98%E6%80%A7%E8%83%BD%E8%BF%90%E7%AE%97%E6%94%BE%E5%A4%A7%E5%99%A8.pdf,third_party_mirror,high,"Local copy re-read: 24 pages, old ADI format with TPC numbering. Its ordering guide lists leaded parts only (AD8065AR/ART, AD8066AR/ARM; MSOP marking H1B). It still has the 'Usable Range' CM row (deleted in Rev. H) and Ib over temperature as 25 pA typ with no max. Hosted in GitHub repo ZERO-A-ONE/FZU-IS-404 (Git LFS)."
AD8066,Analog Devices,02916,unknown (whatever was current c. 2009),unknown,AD8065/AD8066 data sheet (legacy analog.com path),http://www.analog.com/static/imported-files/data_sheets/AD8065_8066.pdf,vendor_legacy,medium,"Seen as the 'Source:' URL for AD8065/AD8066 in CadSoft EAGLE's analog-devices.lbr. Per the EAGLE library ChangeLog, those devices were added 2009-12-22 (Eagle 5.6.3). Not fetched; probably dead now. Use as a Wayback seed."
AD8066,Analog Devices (Japan),02916 (JP translation),unknown,unknown,AD8065/AD8066 Japanese-language data sheet,https://www.analog.com/media/jp/technical-documentation/data-sheets/AD8065_8066_JP.pdf,vendor_legacy,low,Unconfirmed URL. It comes only from the discovery notes (JP lens); no GitHub reference was found and WebSearch was unavailable. ADI JP translations often lag the English revision.
AD8066,Analog Devices,n/a,n/a,n/a,AD8066 product page,https://www.analog.com/en/products/ad8066.html,product_page,medium,Cited in GitHub kwankunghkg/Robotics RedPitaya.md next to the datasheet URL. Lifecycle status not checked.
AD823,Analog Devices,AD823 data sheet (pubcode 00901),0,5/95,"AD823 Dual, 16 MHz, Rail-to-Rail FET Input Amplifier",,vendor_legacy,high,Initial version ('5/95—Revision 0: Initial Version'). Known only from the revision history in Rev. A and Rev. E; no copy located and the URL is unknown. See archive_seed_urls.
AD823,Analog Devices,C00901-0-5/04(A),A,5/04,"AD823 Dual 16 MHz, Rail-to-Rail FET Input Amplifier Data Sheet (Rev. A)",https://github.com/gburgyan/electronics-parts/blob/main/datasheets/AD823ANZ.pdf,third_party_mirror,high,"Cached PDF re-checked: page header 'Rev. A', last-page footer C00901–0–5/04(A), copyright 2004, PDF created 2004-05-05 (Acrobat Distiller 6.0.1), 20 pages. Raw file: https://raw.githubusercontent.com/gburgyan/electronics-parts/main/datasheets/AD823ANZ.pdf. The file is named AD823ANZ, but this revision's ordering guide lists only AD823AN, AR, AR-REEL, AR-REEL7, ARZ, ARZ-RL and ARZ-R7. The spec-table grade column is headed 'AD823A'."
AD823,Analog Devices,D00901 (Rev. B),B,2/07,AD823 data sheet,,vendor_legacy,high,"Known from the Rev. E revision history: updated format, changes to DC Performance (p.5), updated outline dimensions, changes to ordering guide. No copy located."
AD823,Analog Devices,D00901 (Rev. C),C,5/10,AD823 data sheet,,vendor_legacy,high,"Known from the Rev. E revision history (changes to Table 4, Absolute Maximum Ratings). No copy located."
AD823,Analog Devices,D00901 (Rev. D),D,6/10,AD823 data sheet,,vendor_legacy,high,Known from the Rev. E revision history (changes to Fig. 34 and Fig. 36). No copy located.
AD823,Analog Devices,D00901-0-11/11(E),E,11/11,"AD823 Dual, 16 MHz, Rail-to-Rail FET Input Amplifier (Rev. E)",https://github.com/oihdesigns/Micro-DMM/blob/main/Component%20Data%20Sheets/ad823.pdf,third_party_mirror,high,"Cached PDF re-checked: 'Rev. E', footer D00901-0-11/11(E), copyright 1995–2011, PDF title 'AD823 (Rev. E)', created 2011-11-09 and modified 2011-11-14. Contains the full revision history from 0 to E."
AD823,Analog Devices,D00901,E presumed (not directly verified),,AD823 data sheet (current vendor link),https://www.analog.com/media/en/technical-documentation/data-sheets/AD823.pdf,vendor_current,medium,"URL cited for AD823ARZ in a Hackaday article (2021-04-11), mirrored in apachecn/hackaday-blog-zh-part4. It could not be fetched. A third-party inventory note (gburgyan/electronics-parts) says AD's current revision is Rev. E."
AD823,Analog Devices,D09439-0-5/12(A),A,5/12,"AD823A Wide Supply Dual, 17 MHz, Rail-to-Rail FET Input Amplifier",,vendor_legacy,high,"Initial AD823A datasheet ('5/12—Revision A: Initial Version'; ADI started this document at Rev. A, not Rev. 0). The Rev. B PDF's raw bytes still carry the string D09439-0-5/12(A). No Rev. A copy located."
AD823,Analog Devices,D09439-0-6/12(B),B,6/12,"AD823A Wide Supply Dual, 17 MHz, Rail-to-Rail FET Input Amplifier (Rev. B)",https://github.com/myhumankit/Detecteur_de_muons/blob/main/Datasheets/AD823A.pdf,third_party_mirror,high,"Cached PDF re-checked: 'Rev. B', footer D09439-0-6/12(B), copyright 2012. Describes a different die (XFCB process). SOIC_N and MSOP only."
AD823,Analog Devices,D09439,unknown (B or later),,AD823A data sheet (current vendor link),https://www.analog.com/media/en/technical-documentation/data-sheets/AD823A.pdf,vendor_current,medium,URL cited in the KiCad schematic and netlists of myhumankit/Detecteur_de_muons. It could not be fetched to confirm the revision.
AD823,Analog Devices,D09439,unknown,,AD823AARZ datasheet (ChipDip mirror),https://static.chipdip.ru/lib/696/DOC011696628.pdf,distributor_mirror,medium,"Cited as the AD823AARZ datasheet ('Wide Supply Dual, 17 MHz...') in the 00xED/altium-common parts database. Not fetched; revision unknown."
AD8599,Analog Devices,AD8597/AD8599,unknown (current),unknown,"AD8597/AD8599 Single and Dual, Ultralow Distortion, Ultralow Noise Op Amps (title as quoted by the Eagle and KiCad libraries; printed title not re-read)",https://www.analog.com/media/en/technical-documentation/data-sheets/AD8597_8599.pdf,vendor_current,high,"Current ADI location. GitHub code search finds the file name in many independent KiCad libraries, schematics and BOMs (sixtemesseven, yossichay, robmacl/ilemt_hw, BehrensG/ADC7177M1, howard0su), so the URL is real. The revision letter and date could not be read: WebSearch was exhausted and direct fetch is blocked."
AD8599,Analog Devices,AD8597/AD8599,unknown (an early revision was served here by Dec 2009),unknown,AD8597/AD8599 data sheet (legacy ADI 'static/imported-files' location),http://www.analog.com/static/imported-files/data_sheets/AD8597_8599.pdf,vendor_legacy,high,"Cited in Eagle analog-devices.lbr (AD8597/AD8599 added 2009-12-22, Eagle 5.6.3), in the werner2101/spicelib ADI index, and in many Eagle projects (Bpod-CAD, OpenMV, ColdMatter). Wayback captures at this URL should hold early revisions."
AD8599,Analog Devices,n/a,n/a,n/a,AD8599 product page,https://www.analog.com/en/products/ad8599.html,product_page,low,"Unconfirmed URL. It comes from the discovery engineering lens ('not web-verified') and follows ADI's standard pattern, but no search result showed it this run. The page usually lists data sheet revisions, PCNs and the EP variant."
AD8599,Analog Devices,n/a,n/a,n/a,AD8597 product page,https://www.analog.com/en/products/ad8597.html,product_page,low,"Unconfirmed URL. It comes from the discovery engineering lens ('not web-verified') and follows ADI's standard pattern, but no search result showed it this run."
AD8610,Analog Devices,AD8610/AD8620 (ADI uses no literature number),not verified (current ADI 'Rev.' letter unknown),not verified,"AD8610/AD8620: Precision, Very Low Noise, Low Input Bias Current, Wide Bandwidth JFET Operational Amplifiers",https://www.analog.com/media/en/technical-documentation/data-sheets/AD8610_8620.pdf,vendor_current,high,"One combined data sheet for the single and the dual. Dozens of KiCad libraries reference this URL, including the KiCad standard library for AD8610xR, AD8610xRM, AD8620 and AD8620xRM. Its Revision History block was not readable this session."
AD8610,Analog Devices,AD8610/AD8620,unknown (whatever was current around 2016-2019),unknown,AD8610/AD8620 data sheet (same path over http),http://www.analog.com/media/en/technical-documentation/data-sheets/AD8610_8620.pdf,vendor_legacy,medium,"Seen in about 2016-2019 KiCad libraries and projects (FutureSharks/preamp-two, CalSol hw libs, FOSSEE eSim, DavidEnds). Wayback captures may freeze an older revision."
AD8610,Analog Devices,AD8610/AD8620,unknown (older than the /media/en/ copies),unknown,AD8610/AD8620 data sheet (older ADI /static/imported-files/ path),http://www.analog.com/static/imported-files/data_sheets/AD8610_8620.pdf,vendor_legacy,medium,"Seen as the 'Source:' URL of the AD8610 and AD8620 devicesets in the Eagle ADI library, embedded in ColdMatter/CCMCircuits CCM_0009.sch and LabConnect/Signalgenerator version1.x.sch. It is a good Wayback seed for an older revision."
AD8610,Analog Devices (third-party mirror by ChipDip),DOC000150035 (ChipDip id),unknown,unknown,AD8620ARZ datasheet (mirror),https://static.chipdip.ru/lib/150/DOC000150035.pdf,third_party_mirror,low,"Unconfirmed URL. It is linked as the AD8620ARZ datasheet in the 00xED/altium-common parts DB, but neither its content nor its revision was checked. The idea that the low ChipDip id means an early upload is speculation."
AD8610,Analog Devices,n/a,n/a,n/a,AD8610 product page,https://www.analog.com/en/products/ad8610.html,product_page,low,"Unconfirmed URL: it follows ADI's standard product-page pattern and came from the discovery notes, but was not seen in any search result this session."
AD8610,Analog Devices,n/a,n/a,n/a,AD8620 product page,https://www.analog.com/en/products/ad8620.html,product_page,low,"Unconfirmed URL: it follows ADI's standard product-page pattern and came from the discovery notes, but was not seen in any search result this session."
ADA4627,Analog Devices,unknown,"unknown (earliest known; ADA4627-1-only, before the ADA4637-1)",on or before 2009-12-22,"ADA4627-1: 36 V, 19 MHz, Low Noise, Low Bias Current, JFET Operational Amplifier (title as copied by the Autodesk Eagle library)",http://www.analog.com/static/imported-files/data_sheets/ADA4627-1.pdf,vendor_legacy,medium,"This URL is cited as 'Source:' for the ADA4627-1R and ADA4627-1CP devices in Eagle's analog-devices.lbr (changelog entry 2009-12-22, Eagle 5.6.3). It uses ADI's legacy static/imported-files path and is probably dead or redirected now, so it is a prime Wayback candidate for the original revision. Not confirmed live."
ADA4627,Analog Devices,unknown,unknown (current),unknown,ADA4627-1 product page (should link the current ADA4627-1/ADA4637-1 datasheet),https://www.analog.com/en/products/ada4627-1.html,product_page,low,"Unconfirmed URL: no web search was possible in this pass. It follows ADI's standard product-page pattern and was cited by the discovery lenses. The current datasheet title, per a KiCad library, is probably '30 V, High Speed, Low Noise, Low Bias Current, JFET Operational Amplifier'."
ADA4627,Analog Devices,unknown,unknown (current),unknown,ADA4637-1 product page,https://www.analog.com/en/products/ada4637-1.html,product_page,low,Unconfirmed URL: this pass could not verify it. The two parts are believed to share one combined datasheet (unverified).
ADA4627,Mouser (distributor),n/a,n/a,unknown,ADA4637-1ARZ distributor product page (may hold a frozen datasheet copy),https://www.mouser.com/ProductDetail/Analog-Devices/ADA4637-1ARZ,product_page,low,Unconfirmed URL. It was seen in a third-party GitHub BOM (UtkarshTewari24/STM) but not checked live.
LF353,Texas Instruments,SLOS012,C,MARCH 1987 - REVISED MARCH 2016,LF353 Wide-Bandwidth JFET-Input Dual Operational Amplifier,https://www.ti.com/lit/ds/symlink/lf353.pdf,vendor_current,high,"TI's LF353 (LF353DR, LF353P, LF353PE4). Copies generated 2024-10-15 and 2025-12-15 are both Rev C."
LF353,Texas Instruments,SLOS012,current,,LF353 datasheet (generic part-number redirect),https://www.ti.com/lit/gpn/lf353,vendor_current,medium,"Seen in the spielhuus/elektrophon lib/partlist.yaml, paired with Mouser 595-LF353P."
LF353,Texas Instruments,,,,LF353 product page,https://www.ti.com/product/LF353,product_page,high,"Linked from inside the SLOS012C PDF (Product Folder Links), along with part-details pages for LF353DR and LF353P."
LF353,Texas Instruments,SLOS012,B (probable),AUGUST 1994 (Rev B date per the SLOS012C revision history),LF353 JFET-input dual operational amplifier (legacy URL),http://www-s.ti.com/sc/ds/lf353.pdf,vendor_legacy,medium,Altium ECO log in Mimito164/Amplificador-TDA2030-2.1: ComponentLink2URL with DatasheetVersion 'Aug-1994'. File not read.
LF353,Texas Instruments (third-party copy),SLOS012,C,REVISED MARCH 2016 (PDF generated 2024-10-15; addendum 2-Nov-2023),LF353 Wide-Bandwidth JFET-Input Dual Operational Amplifier datasheet (Rev. C),https://github.com/joaquin-paz/portfolio/blob/main/CORNELL/lf353.pdf,third_party_mirror,high,"Read. The 2023 addendum lists LF353DR, LF353P and LF353PE4, all ACTIVE."
LF353,Texas Instruments (third-party copy),SLOS012,C,REVISED MARCH 2016 (PDF generated 2025-12-15; addendum 10-Nov-2025),LF353 Wide-Bandwidth JFET-Input Dual Operational Amplifier datasheet (Rev. C),https://github.com/FHYQ-Dong/THU-Basic-Experiment-of-Optoelectronics/blob/main/QKD-BB84/FPGA-control/docs/LF353-datasheet.pdf,third_party_mirror,high,"Read. Metadata keywords SLOS012,SLOS012C. Orderables: LF353DR, LF353DR.A, LF353P, LF353P.A, LF353PE4."
LF353,Texas Instruments (third-party copy of 1989 data-book pages),D2997 (LF353 and LF347 pages),"LF353: REVISED MAY 1988; LF351, LF347: original",MARCH 1987 (LF353 revised MAY 1988); file named ti1989,"LF351 / LF353 / LF347, LF347B Wide-Bandwidth JFET-Input Operational Amplifiers (TI data-book pages 2-3 to 2-8)",https://github.com/chenshuo/nuedc/blob/main/docs/opamp/lf353-ti1989.pdf,third_party_mirror,high,"Read. Oldest TI LF353 revision found. D/JG/P packages, e_n 18 nV/rtHz at RS = 100 ohm, B1 3 MHz, ICC 3.6/6.5 mA. Also covers TI's own LF351 (ICC 1.8/3.4 mA) and LF347/LF347B (D/J/N). Probably the pre-SLOS equivalent of SLOS012A (inferred)."
LF353,National Semiconductor (third-party copy),DS005649,August 2000 edition (no letter),August 2000 ((c)2001; PDF created 2001-08-31),LF353 Wide Bandwidth Dual JFET Input Operational Amplifier,https://github.com/chenshuo/nuedc/blob/main/docs/opamp/lf353-2000.pdf,third_party_mirror,high,"Read. Order numbers LF353M, LF353MX, LF353N. GBW 2.7 min / 4 typ MHz, e_n 16 nV/rtHz (RS = 100 ohm), THD <0.02%, ESD 1700 V. Application hints document phase reversal."
LF353,National Semiconductor (third-party copy),none printed (databook page 3-29),1980 databook edition,1980 (per file name and 1980 selection-guide page index),"LF353 Wide Bandwidth Dual JFET Input Operational Amplifier (BI-FET II), 1980 Linear Databook pages 3-29 on",https://github.com/chenshuo/nuedc/blob/main/docs/opamp/lf353-1980.pdf,third_party_mirror,high,"Read. LF353A/LF353B/LF353 grades, H (TO-99) and N packages, e_n 16 nV/rtHz, GBW 4 MHz (LF353A 3 MHz min)."
LF353,National Semiconductor,"DS005649 (probable, by era)",unknown,unknown,LF353 Wide Bandwidth Dual JFET Input OP-AMP (legacy URL),http://www.national.com/ds/LF/LF353.pdf,vendor_legacy,medium,Seen in 74hc595/chipdb LF353.yaml and werner2101/spicelib national_opamps.index. The host is dead; use the Wayback Machine.
LF353,Texas Instruments (ex-National),"unknown (SNOS-series expected, not verified)",unknown,2013 per a student bibliography (zerath97/TTT4265-ESTA2),LF353-N Wide Bandwidth Dual JFET Input Operational Amplifier,https://www.ti.com/lit/ds/symlink/lf353-n.pdf,vendor_current,medium,"URL seen in CEI-lab/ece3400-2017 (2017) and zerath97. The bibliography cites its output-impedance plot, a National-style figure. Content not read."
LF353,National Semiconductor (third-party copy),none printed,1980 databook edition,1980,LF351 Wide Bandwidth JFET Input Operational Amplifier (1980 databook p.3-22),https://github.com/chenshuo/nuedc/blob/main/docs/opamp/lf351-1980.pdf,third_party_mirror,high,"Read. LF351, LF351A and LF351B plus -1 variants, H and N packages. GBW 4 MHz, e_n 16 nV/rtHz, IS 1.8 mA typ."
LF353,National Semiconductor (third-party copy),none printed,1980 databook edition,1980,LF347 Wide Bandwidth Quad JFET Input Operational Amplifier (1980 databook p.3-14),https://github.com/chenshuo/nuedc/blob/main/docs/opamp/lf347-1980.pdf,third_party_mirror,high,"Read. LF347, LF347A and LF347B in N and J packages; IS 7.2/11 mA; GBW 4 MHz; e_n 16 nV/rtHz."
LF353,National Semiconductor (third-party copy),DS005647,August 2000 edition,August 2000 (PDF created 2000-08-18),LF147/LF347 Wide Bandwidth Quad JFET Input Operational Amplifiers,https://github.com/chenshuo/nuedc/blob/main/docs/opamp/lf347-2000.pdf,third_party_mirror,high,"Read. GBW 2.2 min / 4 typ MHz, IS 7.2/11 mA, ESD 900 V. Probably the predecessor of TI SNOSBH1 (inferred)."
LF353,National Semiconductor (third-party copy),"Electronic Design 20, pp.47-50",,"September 27, 1977",Electronic Design ad: 'More great BI-FET II stuff' (laser-trimmed BI-FET II op amps),https://github.com/chenshuo/nuedc/blob/main/docs/opamp/lf353-1977sep.pdf,third_party_mirror,medium,"Text layer only: singles, duals and quads (written 'LFT351N/LFT353N/LFT347N', A/B grades), 10/5/2 mV max offset with prices. The earliest dated evidence for the family."
LF353,Texas Instruments (third-party copy),SLOS013,B,MARCH 1987 - REVISED AUGUST 1994,"LF347, LF347B JFET-Input Quad Operational Amplifiers",https://github.com/cristianoag/wozblaster/blob/main/docs/Datasheets/lf347.pdf,third_party_mirror,high,"Read. TI's own quad (LF347N/D, LF347BN/BD). Footer shows it was downloaded from datasheetcatalog.com."
LF353,Texas Instruments (ex-National),SNOSBH1,D,unknown (URL accessed about 3 June 2021 per its ts= parameter),LF147/LF347 (LF347/LF347B) Wide Bandwidth Quad JFET Input Operational Amplifiers,https://www.ti.com/lit/ds/snosbh1d/snosbh1d.pdf,vendor_revision_specific,medium,Listed under 'LF347N' in KVentayen/Resources next to symlink lf347.pdf. Content not read.
LF353,Texas Instruments,unknown (SNOSBH1 or SLOS013),current,,LF347 datasheet (current symlink),https://www.ti.com/lit/ds/symlink/lf347.pdf,vendor_current,medium,"KVentayen lists it beside snosbh1d, but which document it serves was not shown."
LF353,STMicroelectronics,unknown,unknown,a 2023 bibliography cites 2008,LF351 Wide bandwidth single JFET operational amplifier,https://www.st.com/resource/en/datasheet/lf351.pdf,vendor_current,medium,Datasheet link for LF351D/LF351N in the official KiCad symbol docs; also in voltdocs-public. Content not read.
LF353,Fairchild Semiconductor,LF351,Rev. 1.0.1,(c)2001 (PDF created 2001-06-01),LF351 Single Operational Amplifier (JFET),https://www.digchip.com/datasheets/parts/datasheet/161/LF351N.php,third_party_mirror,high,URL taken from the PDF metadata. Read via the GitHub copy below.
LF353,Fairchild Semiconductor (third-party copy),LF351,Rev. 1.0.1,(c)2001,LF351 Single Operational Amplifier (JFET),https://github.com/BertyBasset/Datasheet-Viewer/blob/master/Amplifiers/LF351N%20single%20channel%20FJET%20Op%20Amp.pdf,third_party_mirror,high,"Read. GBW 4 MHz, SR 13 V/us, ICC 2.3/3.4 mA."
LF353,Texas Instruments,unknown,,unknown,PCN Details (LF353D) - TI E2E attachment,https://e2e.ti.com/cfs-file/__key/communityserver-discussions-components-files/14/PCN_2D002D00_LF353D_2D00_1.pdf,vendor_legacy,low,Unconfirmed URL content: seen only as a search-result title ('PCN Details - TI E2E') in an earlier session and not opened. It may explain why LF353D left the addendum.
LF353,ON Semiconductor (Motorola lineage),unknown,unknown,unknown,LF347N datasheet,https://datasheetspdf.com/pdf/64803/ONSemiconductor/LF347N/1,third_party_mirror,low,"Unconfirmed URL: referenced in KVentayen/Resources (labelled 'Motorola'), not opened."
LF353,STMicroelectronics (probable),unknown,unknown,unknown,LF147/LF247/LF347 Wide bandwidth quad J-FET operational amplifiers,https://www.bitsbox.co.uk/data/analog/LF347.pdf,distributor_mirror,low,"Unconfirmed URL: referenced in icnagy/pe_microsynth .dcm (keys 'LF147 LF247 LF347'), not opened."
LF353,unknown,unknown,unknown,unknown,LF351 datasheet,https://www.bitsbox.co.uk/data/opamps/lf351.pdf,distributor_mirror,low,"Unconfirmed URL: referenced in icnagy/pe_microsynth .dcm, not opened."
LF353,Texas Instruments,,,,LF351 product page,https://www.ti.com/product/LF351,product_page,low,"Unconfirmed URL: referenced in stavros-tsioulis/voltdocs-public entries/modules/analog/lf351, live status not checked."
LM6171,Texas Instruments,SNOS792,"unknown (current symlink; at least D, possibly later)",unknown,"LM6172 Dual, High-Speed, Low-Power, Low-Distortion, Voltage-Feedback Amplifier",https://www.ti.com/lit/ds/symlink/lm6172.pdf,vendor_current,high,"Current TI symlink; the title is as shown in a search result. The hyphenated, singular title differs from the older 'Dual High Speed, Low Power, Low Distortion, Voltage Feedback Amplifiers' style, which suggests a reformatted revision after D. Not confirmed."
LM6171,Texas Instruments,SNOS792,D,March 2013 (header: 'MAY 1999 – REVISED MARCH 2013'),"LM6172 Dual High Speed, Low Power, Low Distortion, Voltage Feedback Amplifiers",https://docs.rs-online.com/b4cb/A700000006723633.pdf,distributor_mirror,medium,"RS Components mirror. Search-result title: 'LM6172 www.ti.com SNOS792D –MAY 1999–REVISED MARCH 2013'. It keeps revision D, which may already be superseded at ti.com."
LM6171,National Semiconductor / Texas Instruments,unknown,unknown (older title style; possibly National-era or early TI),unknown,"LM6172 Dual High Speed, Low Power, Low Distortion, Voltage Feedback Amplifiers",https://instrumentation.obs.carnegiescience.edu/ccd/parts/LM6172.pdf,third_party_mirror,medium,"Carnegie Observatories instrumentation parts mirror, seen in search results. The old-style title suggests an older revision than the current TI symlink. Revision not captured."
LM6171,Texas Instruments,unknown (JP translation of SNOS792),unknown,unknown,LM6172 デュアル、高速、低消費電力、低歪み、電圧帰還型アンプ (Japanese translation),https://www.ti.com/jp/lit/ds/symlink/lm6172.pdf,vendor_current,medium,"TI Japanese-language datasheet, seen in a search result. TI JP translations can lag the English revision."
LM6171,Texas Instruments,unknown (TI SNOS-series lit number not found),unknown (current symlink),unknown,LM6171 High Speed Low Power Low Distortion Voltage Feedback Amplifier,http://www.ti.com/lit/ds/symlink/lm6171.pdf,vendor_current,medium,"Used by the official KiCad symbols LM6171D and LM6171xxN and by more than 80 GitHub files. The title comes from the KiCad description. The PDF header, lit number and revision were not seen in any search result."
LM6171,National Semiconductor,unknown (National DS number not found),unknown,unknown (pre-2011),LM6171 datasheet (National),http://www.national.com/ds/LM/LM6171.pdf,vendor_legacy,medium,"Legacy National URL recorded in the gEDA spicelib index (werner2101/spicelib indexfiles/national_opamps.index, entries LM6171A_LM00032 and LM6171B_LM00033). The host has been dead since the TI migration. Use Wayback to recover National-era revisions."
LM6171,National Semiconductor,unknown (National DS number not found),unknown,unknown (pre-2011),LM6172 datasheet (National),http://www.national.com/ds/LM/LM6172.pdf,vendor_legacy,medium,Legacy National URL recorded in the gEDA spicelib index (entry LM6172_LM00034). Use Wayback to recover National-era revisions.
LM6171,Texas Instruments,n/a,n/a,n/a,"LM6172 data sheet, product information and support",https://www.ti.com/product/LM6172,product_page,high,"Seen in several search results. It should show the current revision, orderables and lifecycle status."
LME49860,Texas Instruments,SNAS389,C,JUNE 2007 - REVISED APRIL 2013 (change log 04/05/13); Package Option Addendum 11-Nov-2025; PDF generated 2025-11-12,"LME49860 44V Dual High Performance, High Fidelity Audio Operational Amplifier (Rev. C)",https://www.ti.com/lit/ds/symlink/lme49860.pdf,vendor_current,high,"Current TI symlink, cited in the indare/pcb_work repo (AmpModule_OPAMP_REFINE.md). A GitHub copy of this download was read in full. Header: 'SNAS389C -JUNE 2007-REVISED APRIL 2013'. PDF Keywords 'SNAS389, SNAS389C'. The addendum lists only LME49860MAX/NOPB."
LME49860,Texas Instruments (third-party copy),SNAS389,C,REVISED APRIL 2013; addendum 11-Nov-2025,TI_LME49860.pdf (SNAS389C),https://github.com/indare/pcb_work/blob/main/Audio/datasheets/opamps/TI_LME49860.pdf,third_party_mirror,high,"Frozen GitHub copy (1,870,670 bytes) of the late-2025 TI symlink download. Its text and metadata were re-checked this run. It preserves the Nov-2025 addendum showing PDIP and SOIC tube orderables gone."
LME49860,National Semiconductor,National DS number not seen (later TI SNAS389),1.0,06/01/07,"LME49860 44V Dual High Performance, High Fidelity Audio Operational Amplifier (rev 1.0)",,vendor_legacy,high,"Initial release, known only from the SNAS389C revision history. No copy or URL has been seen; see archive_seed_urls (inferred)."
LME49860,National Semiconductor,National DS number not seen (later TI SNAS389),1.1,06/11/07,"LME49860 44V Dual High Performance, High Fidelity Audio Operational Amplifier (rev 1.1)",,vendor_legacy,high,Added LME49860MA and LME49860NA top-mark information. This is the last National content before the TI reformat. No copy or URL has been seen.
LME49860,Texas Instruments,SNAS389,current,,LME49860 generic part-number datasheet link,http://www.ti.com/lit/gpn/lme49860,product_page,medium,Seen as the Datasheet field in a KiCad schematic (reed38/EE410_Projet_Accordeur PCB_EE470.kicad_sch). TI GPN links redirect to the current datasheet.
LME49860,Texas Instruments,SNAS389,current,,LME49860 product page,https://www.ti.com/product/LME49860,product_page,low,"Unconfirmed URL. It comes from the discovery notes and follows the standard TI pattern, but it was not seen in any search result or source this run."
LME49860,Texas Instruments,unverified,unknown,,LME49870 product page (44 V single),https://www.ti.com/product/LME49870,product_page,low,"Unconfirmed URL, from the discovery notes only. The LME49870 literature number, revision and status were not found, and GitHub code search for LME49870 returns 0 hits."
LME49860,Mouser (distributor),SNAS389,unknown,,LME49860MAX/NOPB product detail,https://www.mouser.co.uk/ProductDetail/Texas-Instruments/LME49860MAX-NOPB?qs=7lkVKPoqpbYDt5Sw0CH1Cw%3D%3D,product_page,low,"The URL string was seen in a KiCad PCB file (reed38/EE410_Projet_Accordeur) with Mouser P/N 926-LME49860MAX/NOPB. The page was not opened, and the datasheet revision it serves is unknown."
LME49990,Texas Instruments,unknown (TI literature number not captured),unknown,2013 (year as cited by ru.wikipedia; exact 'REVISED' date not seen),"LME49990 Ultra-low Distortion, Ultra-low Noise Operational Amplifier",http://www.ti.com/lit/ds/symlink/lme49990.pdf,vendor_current,medium,"The URL and title appear in ru.wikipedia's current-feedback op-amp article citation (publisher TI, year 2013). Whether the URL is live was not checked. This is probably TI's reformat of the National datasheet. The sibling LME49860 datasheet (SNAS389C, 'JUNE 2007 - REVISED APRIL 2013', local copy) has the revision-history line 'C 04/05/13 Changed layout of National Data Sheet to TI format'. That suggests an April 2013 batch conversion of the LME49xxx line, but for the LME49990 this is inference. Read this PDF's footer to confirm the lit number and revision."
LME49990,National Semiconductor,unknown (National DS number not captured),unknown,"August 24, 2011","LME49990 Ultra-Low Distortion, Ultra-Low Noise Operational Amplifier (National format)",,vendor_legacy,medium,"Known only from the header of TI's PSpice macro-model (LME49990.lib, Model Version 1.0, released 2012-02-29 by TI's Analog eLab Design Center), which reads 'Datasheet: August 24, 2011'. Mirrored in two GitHub repos. No copy was located. A 2010 National first release probably exists but is unverified. Candidate legacy URLs are in archive_seed_urls (inferred)."
LME49990,Texas Instruments,n/a,n/a,n/a,LME49990 product page,https://www.ti.com/product/LME49990,product_page,low,"unconfirmed URL. Product folder from the discovery notes, following TI's standard pattern, but not seen in any search result this run. Lifecycle status, the datasheet revision served and any PCN/EOL notice were not read."
LT1028,Linear Technology (hosted by Analog Devices),1028fd,D,10/15 (footer 'LT 1015 REV D'; PDF created 2015-10-28; (c) Linear Technology 1992),LT1028/LT1128 - Ultralow Noise Precision High Speed Op Amps,https://www.analog.com/media/en/technical-documentation/data-sheets/1028fd.pdf,vendor_current,high,"The filename encodes the revision letter. This is the latest revision known; the revision history covers B, C and D. Three independent GitHub files cite this URL, including a PhD bibliography listing it as 'edition D, 2015'. Package drawings inside: N8 Rev I 0711, SO8 Rev G 0212, S16 Rev G 0212. Whether ADI has issued anything newer could not be checked."
LT1028,Linear Technology (third-party GitHub copy),1028fd,D,10/15,LT1028/LT1128 - Ultralow Noise Precision High Speed Op Amps,https://github.com/dfnr2/terra-eda-library/blob/main/datasheets/analog-devices/lt1028.pdf,third_party_mirror,high,"GitHub code search confirms the file exists. It is a Git LFS file of 730,011 bytes and 28 pages. Every page footer reads '1028fd'. Revision History: B 10/12, C 10/14, D 10/15. PDF metadata: CreationDate 2015-10-28, author Linear Technology Corporation."
LT1028,Linear Technology (third-party copy),unknown,unknown,unknown,LT1028 / LT1128 datasheet (radiolocman viewer),https://www.radiolocman.com/datasheet/pdf.html?di=151183&p=1,third_party_mirror,low,"Unconfirmed URL. It appears only in the earlier discovery notes and could not be re-checked (no web search, host blocked). Which revision it holds is unknown."
LT1028,Analog Devices,,,,LT1028 product page,https://www.analog.com/en/products/lt1028.html,product_page,high,"Current ADI product page, cited as manufacturer_link in a GitHub EDA library (terra-eda-library). Lifecycle status not checked in this run."
LT1028,Analog Devices,,,,LT1128 product page,https://www.analog.com/en/products/lt1128.html,product_page,low,"Unconfirmed URL. Taken from the discovery notes, which flagged it as not web-verified. It follows ADI's standard pattern. The shared 1028fd datasheet covers both parts."
LT1028,Linear Technology,,,,LT1028 - Ultra Low Noise Precision High Speed Op Amps (legacy linear.com product page),http://www.linear.com/product/LT1028,product_page,medium,Seen as an 'also viewed' link in an archived linear.com HTML page stored on GitHub (lstolcman/bachelor-thesis). It is a legacy page from before the ADI acquisition and is useful as a Wayback seed for older datasheet revisions.
LT1364,Analog Devices (Linear Technology document),13645fa,A,04/2000 (print code 'LT/TP 0400 2K REV A'); (c) 1994,"LT1364/LT1365 Dual and Quad 70MHz, 1000V/us Op Amps",https://www.analog.com/media/en/technical-documentation/data-sheets/13645fa.pdf,vendor_current,high,"Current ADI URL, cited in several independent KiCad/EAGLE libraries and BOMs on GitHub (PatrickBaus/KiCad-libraries ADI.kicad_sym, H4w4k4/LNA_1MHz BOM, blue-wind-25/JxMake, indare/pcb_work). Not fetched here. indare/pcb_work notes the ADI URL was unreliable and used a Wayback copy instead. Assumed identical to the Rev A copy below."
LT1364,Linear Technology,13645fa,A,04/2000,"LT1364/LT1365 Dual and Quad 70MHz, 1000V/us Op Amps",http://cds.linear.com/docs/en/datasheet/13645fa.pdf,vendor_legacy,medium,"Legacy Linear CDN URL, cited in rolandvs/EAGLE-CAD-PARTS LT1364-1365.lbr (confirmed again by GitHub code search in this pass). Current redirect state not tested."
LT1364,Linear Technology,13645fa,A,04/2000 (LT/TP 0400); (c) 1994,"LT1364/LT1365 Dual and Quad 70MHz, 1000V/us Op Amps",https://github.com/indare/pcb_work/blob/c6d3acc4e15273756a5de0ede66dc656917d916f/Audio/datasheets/opamps/AD_LT1364.pdf,third_party_mirror,high,"The repo owner retrieved this copy from the Internet Archive. Text re-extracted in this pass: 12 pages; footer '13645fa LT/TP 0400 2K REV A - PRINTED IN USA' and '(c) LINEAR TECHNOLOGY CORPORATION 1994'; Milpitas address and www.linear-tech.com; package drawings dated 1098/1298. PDF created 2000-04-21, modified 2007-08-06. SHA-256 b3e119f1311adad66c26a84f2dd747387bb3921ea71913b56266d5dd7942445f."
LT1364,Analog Devices (Linear Technology document),1363fa,A,unknown (not examined),"LT1363 70MHz, 1000V/us Op Amp",https://www.analog.com/media/en/technical-documentation/data-sheets/1363fa.pdf,vendor_current,medium,"Separate datasheet for the single. The URL is confirmed by GitHub code search (75 hits, including the official KiCad library docs at KiCad/kicad.github.io and nanographs/Open-Beam-Interface). The 'fa' suffix implies Rev A; content, print code and date not examined."
LT1364,Linear Technology,1363fa,A,unknown,"LT1363 70MHz, 1000V/us Op Amp",http://cds.linear.com/docs/en/datasheet/1363fa.pdf,vendor_legacy,medium,"Legacy Linear CDN URL, cited in older KiCad linear.dcm libraries (CalSol/calsol-hw-libs, DavidEnds/Kicad_symbols) and in JQIamo/20A-bipolar-current-source. Confirmed by GitHub code search in this pass."
LT1364,Analog Devices,n/a,n/a,n/a,LT1364 product page,https://www.analog.com/en/products/lt1364.html,product_page,high,Existence confirmed by a web-search result title seen earlier in this session ('LT1364 データシートおよび製品情報 | アナログ・デバイセズ'). Lifecycle status and orderable list not verified.
LT1364,Akizuki Denshi (distributor),g108467,n/a,n/a,2回路入 高精度オペアンプ LT1364CN8#PBF,https://akizukidenshi.com/catalog/g/g108467/,product_page,high,"Japanese retail listing for the LT1364CN8#PBF, confirmed by a web-search result title seen earlier in this session. Price and stock not checked."
LT1469,Analog Devices (Linear Technology document),1469fb,B,1/11 (footer 'LT 0111 REV B'; original copyright 2000),"LT1469 - Dual 90MHz, 22V/µs 16-Bit Accurate Operational Amplifier",https://www.analog.com/media/en/technical-documentation/data-sheets/1469fb.pdf,vendor_current,low,"Unconfirmed URL: WebSearch budget was exhausted and analog.com is blocked, so it was not re-checked this run. It comes from the discovery notes, and the file name matches the Rev B code whose content was confirmed via the GitHub mirror. A later ADI revision under another file name cannot be ruled out."
LT1469,Linear Technology (third-party GitHub mirror),1469fb,B,"1/11 (PDF CreationDate 2011-01-06, ModDate 2011-01-10, Adobe InDesign CS5)","LT1469 - Dual 90MHz, 22V/µs 16-Bit Accurate Operational Amplifier",https://github.com/Vitorbnc/electronics-datasheets/blob/master/ICs/lt1469fb.pdf,third_party_mirror,high,"Re-downloaded and read this run: 20 pages, 2,446,773 bytes, sha256 09cdfbd6...b389. Linear branding, page footer '1469fb'. The revision history on p.19 holds one entry: 'B 1/11 Change to Electrical Characteristics 3, 5, 6 (Revision history begins at Rev B)'. The p.20 footer reads 'LT 0111 REV B' and '© LINEAR TECHNOLOGY CORPORATION 2000'. Raw file: https://raw.githubusercontent.com/Vitorbnc/electronics-datasheets/master/ICs/lt1469fb.pdf"
LT1469,Analog Devices,n/a,n/a,n/a,LT1469 product page,https://www.analog.com/en/products/lt1469.html,product_page,low,Unconfirmed URL (from discovery notes; not re-verified this run).
LT1469,Analog Devices,unknown (LT1468 datasheet code not found),unknown,unknown,LT1468 product page,https://www.analog.com/en/products/lt1468.html,product_page,low,Unconfirmed URL (from discovery notes; not re-verified this run). The LT1468 / LT1468-2 datasheet document number and revision were not located.
LT1469,Linear Technology,n/a,n/a,pre-2017,LT1469 legacy product page,http://www.linear.com/product/LT1469,vendor_legacy,medium,This URL string was confirmed this run by GitHub code search in jps64/kicad-adi kicad-symbols/obsolete/ADI_SignalCondition.dcm. The live or archived page was not fetched. Useful as a Wayback seed.
LT1469,Linear Technology,n/a,n/a,pre-2017,LT1468 legacy product page,http://www.linear.com/product/LT1468,vendor_legacy,medium,Seen in the kicad-adi library for the LT1468 and LT1468A DD and S8 symbols. The page was not fetched.
LT1469,Linear Technology,n/a,n/a,pre-2017,"LT1468-2 legacy product page (200MHz, 30V/µs 16-Bit Accurate AV ≥ 2 Op Amp)",http://www.linear.com/product/LT1468-2,vendor_legacy,medium,Seen in the kicad-adi library. The page was not fetched.
LT1469,Linear Technology,n/a,n/a,pre-2017,"LT1469-2 legacy product page (Dual 200MHz, 30V/µs 16-Bit Accurate AV ≥ 2 Op Amp)",http://www.linear.com/product/LT1469-2,vendor_legacy,medium,"This URL string was confirmed this run by GitHub code search in the kicad-adi .dcm (LT1469-2 and LT1469A-2, DF and S8). The page was not fetched."
MUSES03,"New Japan Radio Co., Ltd. (New JRC)",MUSES03 (JP),Ver.4.2,"Not printed. PDF metadata: created 2017-04-27, modified 2017-05-01 (Microsoft Word 2010).","MUSES03 プレミアムオーディオ機器向け 1回路入りJ-FET入力高音質オペアンプ (Japanese datasheet, 11 pages)",https://raw.githubusercontent.com/indare/pcb_work/main/Audio/datasheets/opamps/NJR_MUSES03.pdf,third_party_mirror,high,"Re-checked this pass: SHA-256 b1ff3908a1e006a4c34dd5b9bc3399bde633a5430c0277ecef9bdbab939d6594 matches, and the PDF has 11 pages. Every page footer reads 'Ver.4.2' and 'http://www.njr.co.jp/'. Page 10 carries NJR's counterfeit-MUSES warning. The repo README says this copy is Akizuki's public file 'MUSES03_J-1.pdf', saved 2026-08-31. Also at https://github.com/indare/pcb_work/blob/main/Audio/datasheets/opamps/NJR_MUSES03.pdf."
MUSES03,Nisshinbo Micro Devices,n/a,unknown,unknown,MUSES03 product page (JA),https://www.nisshinbo-microdevices.co.jp/ja/products/operational-amplifier/spec/?product=muses03,product_page,low,"Unconfirmed URL. It is cited in the indare/pcb_work datasheets README and OPAMP refinement notes. Sibling ?product=muses01, muses02 and muses05 pages were confirmed in search results, but this page was not. It may be removed or marked discontinued since the 2023 EOL."
MUSES03,"New Japan Radio Co., Ltd. (New JRC)",semi_20170324,n/a,2017-03-24,"MUSESフラッグシップオペアンプ「MUSES03」販売開始 (JA news release, archived on the Nisshinbo site)",https://www.nisshinbo-microdevices.co.jp/ja/about/info/njr/2017/semi_20170324.html,product_page,high,The URL and title were seen in a search result this session; the body was not read. The date matches the Stereo Sound and EE Times Japan articles of 2017-03-24.
MUSES03,"New Japan Radio Co., Ltd. (New JRC)",semi_20170328,n/a,2017-03-28,"MUSES Flagship Operational Amplifier ""MUSES03"" (EN news, archived on the Nisshinbo site)",https://www.nisshinbo-microdevices.co.jp/en/about/info/njr/2017/semi_20170328.html,product_page,medium,The URL and title were seen in search results this session; the body was not read. The date matches the English NJR news list (2017/3/28).
MUSES03,"New Japan Radio Co., Ltd. (New JRC)",semi_20160902 (per URL),n/a,2016-10-11 per the NJR news list; the filename says 2016-09-02,"Announcement about Sample Release Time of New MUSES Flagship Amplifier ""MUSES03"" (EN news, archived on the Nisshinbo site)",https://www.nisshinbo-microdevices.co.jp/en/about/info/njr/2016/semi_20160902.html,product_page,low,"Search results show this URL twice with the MUSES03 sample-announcement title. However, the NJR list dates that item 2016/10/11 and gives the 2016/9/2 item as the MUSES8920/8832 leadless-package news, so the title and URL pairing may be an index error. Not read."
MUSES03,DigiKey,DigiKey 10671518,n/a,unknown,MUSES03 Nisshinbo Micro Devices Inc. | Integrated Circuits (ICs) | DigiKey,https://www.digikey.com/en/products/detail/njr-corporation-njrc/MUSES03/10671518,product_page,medium,"Distributor listing, seen as a search-result title and URL; the page was not read. It names the part 'MUSES03' with no D suffix. It may link a vendor datasheet revision."
MUSES8820,Nisshinbo Micro Devices (formerly New JRC),MUSES8820_E,unknown (Ver. not read),unknown,MUSES8820 datasheet (English),https://www.nisshinbo-microdevices.co.jp/en/pdf/datasheet/MUSES8820_E.pdf,vendor_current,low,"Unconfirmed URL. It never appeared in any search result. It follows Nisshinbo's confirmed scheme (MUSES72323_E.pdf at /en/pdf/datasheet/ in a GitHub README; NJM4580_J.pdf at /ja/pdf/datasheet/ in search results). Version, date and change log not read."
MUSES8820,Nisshinbo Micro Devices,n/a,n/a,unknown,"High Quality Audio Operational Amplifier MUSES8820 (MUSES series page, English)",https://www.nisshinbo-microdevices.co.jp/en/MUSES/series/MUSES8820.html,product_page,high,Confirmed: it appears in several search results with this exact title. It should link to the current English datasheet.
MUSES8820,Nisshinbo Micro Devices,n/a,n/a,unknown,"高音質オペアンプ MUSES8820 | 日清紡マイクロデバイス (MUSES series page, Japanese)",https://www.nisshinbo-microdevices.co.jp/ja/MUSES/series/MUSES8820.html,product_page,high,Confirmed in search results with this title. It should link to the Japanese datasheet (MUSES8820_J).
MUSES8820,New Japan Radio (New JRC),n/a,n/a,pre-2022 (NJR era),高音質オペアンプ MUSES8820 | MUSES オフィシャル Webサイト (legacy NJR page),https://www.njr.co.jp/products/MUSES/series/MUSES8820.html,vendor_legacy,high,Confirmed in search results. Legacy New JRC MUSES page. A good Wayback seed for NJR-era datasheet links and versions.
MUSES8820,DigiKey (distributor),n/a,n/a,unknown,MUSES8820D Nisshinbo Micro Devices Inc. product page,https://www.digikey.com/en/products/detail/nisshinbo-micro-devices-inc/MUSES8820D/2442897,product_page,high,"Confirmed in search results. It probably links a distributor copy of the datasheet, whose revision was not read."
NJM2068,New Japan Radio (NJR),NJM2068_E,Ver.2011-03-18,"2011-03-18 (PDF created 2011-03-18, modified 2011-03-24, Acrobat Distiller 6.0)",NJM2068 LOW-NOISE DUAL OPERATIONAL AMPLIFIER (English),https://github.com/nuclearfurnace/smartstand/blob/master/datasheets/NJM2068_E.pdf,third_party_mirror,high,"Full 5-page text read this session (sha256 befc84af779c9c22400e3a8e6c9becca75fdb7e13564951d49a596c050389d98). Committed to GitHub on 2016-12-15, so this was presumably the NJR download then. Lists D/M/V/L packages and D-rank DD/MD/LD. Includes the capacitive-load oscillation notice. Raw link: https://raw.githubusercontent.com/nuclearfurnace/smartstand/master/datasheets/NJM2068_E.pdf"
NJM2068,New Japan Radio (NJR),NJM2068_E,unknown (probably Ver.2011-03-18 c.2016),unknown,"NJM2068 datasheet (English), legacy njr.com/semicon location",http://www.njr.com/semicon/PDF/NJM2068_E.pdf,vendor_legacy,medium,"The SmartStand README linked this URL in Dec 2016 and the same repo committed a Ver.2011-03-18 copy then, so the two probably match. Not fetched. The URL is dead now and needs the Wayback Machine."
NJM2068,New Japan Radio (NJR),NJM2068_E,unknown,unknown,"NJM2068 datasheet (English), njr.com/electronic_device location",https://www.njr.com/electronic_device/PDF/NJM2068_E.pdf,vendor_legacy,medium,"The URL appears in the dragonmux/HeadphoneAmp KiCad schematic, which gives the maker as 'New Japan Radio Co'. It was the later NJR site layout before the Nisshinbo move. Not fetched, so the revision is unknown."
NJM2068,Nisshinbo Micro Devices,NJM2068_E,unknown,unknown,"NJM2068 datasheet (English), current",https://www.nisshinbo-microdevices.co.jp/en/pdf/datasheet/NJM2068_E.pdf,vendor_current,medium,"Used as the datasheet link in several 2023-2026 GitHub projects (wntrblm/coupling-constant, dragonmux/KiCad-Library, voltdocs). Not fetched. A third-party summary citing it lists Ib max 500 nA and Icc max 7 mA, which differ from Ver.2011-03-18 (1000 nA, 8 mA). That may mean a newer revision or an error. Unverified."
NJM2068,Nisshinbo Micro Devices,n/a,n/a,n/a,NJM2068 product page,https://www.nisshinbo-microdevices.co.jp/en/products/operational-amplifier/spec/?product=njm2068,product_page,low,From the discovery notes. Not re-checked this session.
NJM2068,New Japan Radio (NJR),NJM2068_E,unknown,unknown,NJM2068 datasheet (Mouser mirror),https://www.mouser.com/ds/2/294/njr_njm2068_e-551643.pdf,distributor_mirror,low,From the discovery notes. The Mouser file id 551643 suggests a mid-2010s capture. The revision was not seen.
NJM2068,New Japan Radio (NJR),NJM2068_J,unknown,unknown,"NJM2068 datasheet (Japanese), Akizuki Denshi copy",https://akizukidenshi.com/goodsaffix/NJM2068_j.pdf,distributor_mirror,low,From the discovery notes. A Japanese-language edition. The revision was not seen.
NJM2114,Nisshinbo Micro Devices (ex-New JRC),NJM2114_E,unknown (NJR prints 'Ver.YYYY-MM-DD' in the footer; not captured),unknown,NJM2114 datasheet (English),https://www.nisshinbo-microdevices.co.jp/en/pdf/datasheet/NJM2114_E.pdf,vendor_current,low,Unconfirmed URL. It was not seen in any search result; the engineering lens proposed it from the sibling pattern (the NJM4580_J.pdf path on the same host was seen). Content and footer version were not inspected.
NJM2114,New Japan Radio (NJR),NJM2114_E,unknown,unknown (pre-2022 NJR era),"NJM2114 datasheet (English), legacy NJR host",http://www.njr.com/semicon/PDF/NJM2114_E.pdf,vendor_legacy,medium,Cited as the datasheet link for NJM2114 in KiCad's official symbol library (Amplifier_Operational.dcm / kicad.github.io). The version it held and whether it still resolves or redirects are unknown. Good Wayback seed.
NJM2114,Akizuki Denshi (distributor),g117705,unknown,unknown,2回路入HiFiオペアンプ NJM2114DD (product page g117705),https://akizukidenshi.com/catalog/g/g117705/,product_page,medium,"Page title confirmed in search results. It is the NJM2114DD page, not NJM2114D. The attached datasheet copy and version were not verified."
NJM2114,Marutsu (distributor),557442,unknown,unknown,2回路 ハイファイ・オーディオ用 低雑音 オペアンプ NJM2114D (product page 557442),https://www.marutsu.co.jp/pc/i/557442/,product_page,medium,Page title confirmed in search results. The attached datasheet version was not verified.
NJM2114,Keisei (distributor),NJM2114DD,unknown,unknown,NJM2114DD | 日清紡マイクロデバイス | Keisei Online,https://www.keisei-net.co.jp/details.php?search=NJM2114DD,product_page,medium,Listing seen in search results; content not inspected.
NJM4556,Nisshinbo Micro Devices,NJM4556A_E,20250306,"2025-03-06 (page footer; PDF CreationDate 2025-03-06, ModDate 2025-04-15, Word for Microsoft 365, author Nisshinbo Micro Devices Inc.)",NJM4556A Datasheet(E) - Dual High Current Operational Amplifier,https://www.nisshinbo-microdevices.co.jp/en/pdf/datasheet/NJM4556A_E.pdf,vendor_current,high,Current vendor English datasheet. A search result title confirms the URL and revision ('NJM4556A - 1 - 20250306 NJM4556AD and NJM4556AL are the NRND products.'). It is also used as the datasheet link in a third-party KiCad schematic (indare/pcb_work). Content was verified from a byte copy with the same filename (sha256 47233c76...).
NJM4556,Nisshinbo Micro Devices,NJM4556A_J,20250306,2025-03-06,NJM4556A datasheet (Japanese) - 2回路入り高出力電流オペアンプ,https://www.nisshinbo-microdevices.co.jp/ja/pdf/datasheet/NJM4556A_J.pdf,vendor_current,high,"A search result title shows 'NJM4556A - 1 - 20250306 2 回路入り高出力電流オペアンプ ■ 概 要'. Content not read. The first-line snippet does not show a 保守品/NRND line, unlike the EN edition; not checked further."
NJM4556,Nisshinbo Micro Devices,-,-,-,NJM4556A Series product page,https://www.nisshinbo-microdevices.co.jp/en/products/operational-amplifier/spec/?product=njm4556a,product_page,high,Vendor product page seen in search results ('NJM4556A Series | Nisshinbo Micro Device').
NJM4556,Nisshinbo Micro Devices,NJM4556A_E,20250306,2025-03-06,NJM4556A Datasheet(E) (third-party GitHub copy of the 20250306 edition),https://github.com/1vers1on/m68k-computer/blob/main/docs/static/datasheets/NJM4556A_E.pdf,third_party_mirror,high,Authored 2026-09-07 (committed 2026-09-08). Linked from the project's parts table for the NJM4556AD headphone amp. 4 pages; text extracted and compared against Ver.2011-06-08.
NJM4556,New JRC (NJR),NJM4556A_E,Ver.2020-03-26,2020-03-26,NJM4556A (English) - Mouser distributor copy,https://www.mouser.com/datasheet/2/294/NJM4556A_E-1917507.pdf,distributor_mirror,high,A search result title shows 'NJM4556A - 1 - Ver.2020-03-26 NJM4556AD NJM4556AM NJM4556AV NJM4556AL' with no NRND text in the snippet. This intermediate edition was missing from the record. Content not read.
NJM4556,New JRC (NJR),NJM4556A_E,Ver.2011-06-08 (inferred for the 2010s; the URL may have served later editions too),2011-06-08,NJM4556A Dual High Current Operational Amplifier (English),http://www.njr.com/semicon/PDF/NJM4556A_E.pdf,vendor_legacy,medium,Legacy New JRC URL. It is the datasheet link in the KiCad symbol library and in many GitHub projects; a 2018 blog linked the https form (https://www.njr.com/semicon/PDF/NJM4556A_E.pdf). A copy committed in 2016 by a project that links this URL is Ver.2011-06-08. The URL itself was not fetched.
NJM4556,New JRC (NJR),NJM4556A_E,Ver.2011-06-08,"2011-06-08 (PDF created 2011-06-08, modified 2011-06-09, Acrobat Distiller 6.0)",NJM4556A Dual High Current Operational Amplifier (third-party GitHub copy of Ver.2011-06-08),https://github.com/nuclearfurnace/smartstand/blob/master/datasheets/NJM4556A_E.pdf,third_party_mirror,high,Committed 2016-12-15 (sha256 b6eb6850...). 4 pages. It lists NJM4556AD/AM/AV/AL and has no NRND notice. Its electrical tables and graphs are identical to the 20250306 edition.
NJM4556,New JRC (NJR),NJM4556A (JA),Ver.2003-03-13,2003-03-13,"NJM4556A datasheet, Japanese (Akizuki Denshi distributor copy)",https://akizukidenshi.com/goodsaffix/njm4556a.pdf,distributor_mirror,high,"A search result title shows 'NJM4556A - 1 - Ver.2003-03-13 2 回路入り高出力電流オペアンプ'. It is a Japanese edition (not English, despite the filename) and the oldest NJM4556A edition found. Content not read."
NJM4556,New JRC (NJR),NJM4556A_J,Ver.2011-06-08,2011-06-08,"NJM4556A datasheet, Japanese (Akizuki Denshi distributor copy)",https://akizukidenshi.com/goodsaffix/njm4556a_j.pdf,distributor_mirror,high,A search result title shows 'NJM4556A - 1 - Ver.2011-06-08 2 回路入り高出力電流オペアンプ ■ 概 要'. It is the Japanese counterpart of the EN Ver.2011-06-08. Content not read.
NJM4556,New JRC (NJR),NJM4556A (JA),unknown (title snippet has no Ver. string),unknown,"NJM4556A datasheet, Japanese (Zaikostore distributor copy)",https://www.zaikostore.com/jsp/pdf/PDFFILE/JRC/FIL20466.PDF,distributor_mirror,medium,"Seen in search results with the title 'NJM4556A - 1 - ２回路入り高出力電流オペアンプ' repeated. The repeated title resembles the Ver.2003 layout, but that is not confirmed. Content not read."
NJM4556,New JRC (NJR),NJM4556A_E,unknown,unknown,NJM4556A Dual Op Amp Datasheet (Scribd upload 'NJM4556A-E'),https://www.scribd.com/document/310047217/NJM4556A-E,third_party_mirror,medium,"Seen in search results. Revision not visible; the upload id suggests about 2016, so it is probably Ver.2011-06-08 (unconfirmed)."
NJM4556,JRC (New Japan Radio),NJM4556,unknown,unknown,"NJM4556 (original, non-A) datasheet (alldatasheet copy)",https://www.alldatasheet.com/datasheet-pdf/pdf/7450/NJRC/NJM4556.html,third_party_mirror,medium,"Seen in search results ('NJM4556 Datasheet(PDF) - New Japan Radio'). It is likely the pre-A NJM4556 sheet, possibly the same one-page image scan reported as 'NJM4556S'. Content not read."
NJM4556,JRC (New Japan Radio),NJM4556,unknown,unknown,NJM4556 datasheet (datasheetbank copy) - DUAL HIGH CURRENT OPERATIONAL AMPLIFIER,https://www.datasheetbank.com/datasheet/JRC/NJM4556.html,third_party_mirror,medium,"Seen in search results ('NJM4556 Datasheet PDF, Japan Radio Corporation : DUAL HIGH CURRENT OPERATIONAL AMPLIFIER'). A second mirror of the non-A sheet. Content not read."
NJM4556,New JRC (NJR),NJM4556A_E,unknown,unknown,NJM4556AV-TE1 datasheet (componentsearchengine copy),https://componentsearchengine.com/Datasheets/1/NJM4556AV-TE1.pdf,third_party_mirror,low,Unconfirmed URL: it appears only as the datasheet field in the fablabnk HeadPho BOM (SamacSys-generated). Edition and availability not verified.
OP27,Analog Devices,C00317-0-5/06(F),F,5/06 (©2006),"OP27 Low Noise, Precision Operational Amplifier",https://github.com/tardate/Datasheets/blob/main/components/OP27.pdf,third_party_mirror,high,"Read in full (20 pages). Contains ADI's revision history 0→F, with no A→B entry. The PDF was created 2006-05-10 and modified 2006-10-31; its embedded title and keywords still say 'Rev. E / Revision E', while the body footer and pubcode say Rev. F. The ordering guide adds Pb-free Z models."
OP27,Analog Devices,unknown (Rev F used C00317),unknown (F or later),unknown,OP27 data sheet (current vendor copy),https://www.analog.com/media/en/technical-documentation/data-sheets/OP27.pdf,vendor_current,low,"Unconfirmed URL. It is ADI's standard path and is cited in several GitHub projects, but it was not fetched and web search was unavailable this run."
OP27,Analog Devices,unknown,unknown (quoted specs match Rev F),cited 2013,OP27 data sheet (legacy static URL),http://www.analog.com/static/imported-files/data_sheets/OP27.pdf,vendor_legacy,low,Unconfirmed URL. Earlier research found it cited in a 2013 blog post (fronzbot GitHub Pages) whose quoted OP27A/E values match Rev F. Not re-checked this run.
OP27,Analog Devices,C00319–0–12/02(B),B,12/02 (©2002),"OP37 Low Noise, Precision, High Speed Operational Amplifier (AVCL ≥ 5)",https://github.com/reivax-boucoi/Datasheets/blob/master/OP37_low_noise_opamp.pdf,third_party_mirror,high,"Read in full (16 pages, PageMaker 6.5; PDF created 2002-12-17, modified 2006-10-31). Revision history 0→A (2/02) and A→B (12/02). The ordering guide marks OP37AZ and OP37FP 'Not for new design, obsolete, April 2002'. Includes die wafer-test limits (OP37N/G/GR/NT/GT) and a die bonding diagram labelled 'BINDING DIAGRAM'. The audio section is credited to a PMI Electronic Design article of 12/20/80."
OP27,Analog Devices,unknown (Rev B used C00319),unknown (B or later),unknown,OP37 data sheet (current vendor copy),https://www.analog.com/media/en/technical-documentation/data-sheets/OP37.pdf,vendor_current,low,Unconfirmed URL. Seen in GitHub KiCad symbols (also the lower-case .../op37.pdf) by earlier research. Not fetched.
OP27,Analog Devices,unknown,unknown,cited in 2022 Altium log,OP37 data sheet (legacy static URL),http://www.analog.com/static/imported-files/data_sheets/OP37.pdf,vendor_legacy,low,Unconfirmed URL. Earlier research found it in an Altium component library log (EIT6-WatsonC Watson_amp project on GitHub). Not re-checked.
OP27,Analog Devices,n/a,n/a,n/a,OP27 product page,https://www.analog.com/en/products/op27.html,product_page,low,Unconfirmed URL. Standard ADI product-page path cited by GitHub projects and discovery notes; not fetched.
OP27,Analog Devices,n/a,n/a,n/a,OP37 product page,https://www.analog.com/en/products/op37.html,product_page,low,Unconfirmed URL. Standard ADI product-page path cited by discovery notes; not fetched.
OP27,Linear Technology,unknown,unknown,1990 databook,"OP-27 / OP-37 data sheet (1990 Linear Databook, p. 2-345)",,archive,medium,"LTC's own SPICE model headers (OPLTC.LIB: OP27AL, OP27CL, OP37CL) cite 'REF. OP-27 DATA SHEET, LTC 1990 DATABOOK P2-345' and 'REF. OP-37 DATA SHEET, LTC 1990 DATABOOK P2-345'. Both on one page, which suggests a combined sheet. No online copy found."
OP275,Analog Devices,OP275,C (per the Altium ADI managed-component record and a third-party note; not read from the PDF),unknown,"OP275: Dual Bipolar/JFET, Audio Operational Amplifier (data sheet)",https://www.analog.com/media/en/technical-documentation/data-sheets/OP275.pdf,vendor_current,medium,"Current ADI URL, used by KiCad libraries (the http:// form appears in KiCad v4 linear.dcm). An Altium managed component (2025 ECO log) records DatasheetVersion 'Rev. C'. The holdsworth-engine MC402 notes cite 'Analog Devices OP275 Rev C', page 2, minimum supply ±4.5 V. The PDF itself could not be opened."
OP275,Analog Devices,OP275,unknown (the same Altium record gives 'Rev. C' as the datasheet version),"unknown (ADI's 'static/imported-files' URL scheme, used before the /media/ scheme)",OP275 data sheet (legacy ADI URL),http://www.analog.com/static/imported-files/data_sheets/OP275.pdf,vendor_legacy,medium,"Confirmed as ComponentLink2URL ('Datasheet') in an Altium component record (Niclasapdk/esd6_project ECO log, 05-03-2025). A Wayback copy may hold an older revision."
OP275,Analog Devices,OP275,n/a,n/a,OP275 product page,https://www.analog.com/en/products/op275.html,product_page,low,Unconfirmed URL: it follows ADI's standard product-page pattern but was not seen in any source retrieved this run. Check lifecycle status and PCNs here.
OP275,Analog Devices (copy bundled with KiCad),OP275,"unknown (an old copy from the KiCad library era, probably pre-2010)",unknown,op275.pdf shipped in old KiCad library documentation (analog-dev/op275.pdf),https://github.com/ndwns/freebsd-ports/blob/6cbdf212e6b7917890cb93c9d813955771ecf37d/cad/kicad/pkg-plist,third_party_mirror,low,"The URL is evidence only: the FreeBSD KiCad port packing list (line 35) includes %%DOCSDIR%%/analog-dev/op275.pdf alongside other ADI/PMI docs (mat02, mat03, ssm2141). The PDF itself is in old KiCad doc tarballs and was not obtained."
OP275,Analog Devices,op275.cir,Rev. C,3/95,OP275 SPICE Macro-model (typical),https://github.com/ska-sa/roach1_hardware/blob/HEAD/SimLib/Analog%20Devices/op275.cir,third_party_mirror,high,"Vendor model, not a datasheet. The header, read verbatim, says 'JCB / PMI … Copyright 1995 by Analog Devices'. Parameters: ISY 1.85 mA per amplifier, dominant pole at 32 Hz, common-mode zero at 1 kHz (C7 = 159.15 pF)."
OP275,Analog Devices,op275g.cir,Rev. B,10/92,OP275G SPICE Macro-model (worst-case G grade),https://github.com/ska-sa/roach1_hardware/blob/HEAD/SimLib/Analog%20Devices/op275g.cir,third_party_mirror,high,"Vendor model, not a datasheet. It 'simulates the worst case parameters of the G grade… correspond to those in the data sheet' and is copyright 1992, so an OP275 datasheet with a G grade existed by October 1992. Parameters: EOS 1.0 mV, IOS 25 nA, ISY 2.35 mA per amplifier."
OP275,Analog Devices (OrCAD/PSpice anlg_dev.lib copy),anlg_dev.lib (OP-275/AD),unlabelled (appears to predate Rev. C),unknown,OP-275/AD macro-model as distributed in the OrCAD anlg_dev.lib,https://github.com/GerardoTaboada/spice-opamps/blob/e75d379008385e1266871ddd4f7d6f203bffdc2a/opamp_models.json,third_party_mirror,medium,"Transcribed from ADI's OrCAD library. It is identical to Rev. C except C7 = 1.59 pF, which puts the common-mode zero near 100 kHz even though the comment says '1 kHz'. This matches Rev. C's note 'Corrected common-mode zero location'."
OPA111,Texas Instruments,unknown (TI SBOS number for OPA2111 not found),unknown,unknown,OPA2111 datasheet (TI symlink; printed title not seen),https://www.ti.com/lit/ds/symlink/opa2111.pdf,vendor_current,low,"Unconfirmed URL: cited by a 2015 blog (strfry.github.io). Live status and revision not checked this session, and the footer was not seen. Probably a TI reprint of the Burr-Brown data sheet."
OPA111,Texas Instruments,SBOS138 (per TI TINA model header; not seen on the datasheet),unknown,unknown,OPA111 'Low Noise Precision Difet Operational Amplifier' (TI gpn document link),http://www.ti.com/lit/gpn/opa111,vendor_legacy,low,"Unconfirmed URL: appears as the documentation link in a 2013 TI model index (werner2101/spicelib), with TI's product title. Live status not checked."
OPA111,Texas Instruments,unknown,unknown,unknown,OPA2111 'Dual Low-Noise Difet Operational Amplifier' (TI gpn document link),http://www.ti.com/lit/gpn/opa2111,vendor_legacy,low,Unconfirmed URL: appears as the documentation link in a 2013 TI model index. Live status not checked.
OPA111,Texas Instruments,SBOS138 (per TI model header),unknown,unknown,OPA111 product page,https://www.ti.com/product/OPA111,product_page,low,"Unconfirmed URL: from discovery notes, which flag it as 'not web-verified'. It did not appear in any search result."
OPA111,Texas Instruments,unknown,unknown,unknown,OPA2111 product page (TI Japan): 'OPA2111 データシート、製品情報、サポート | TI.com',https://www.tij.co.jp/product/jp/OPA2111,product_page,medium,The URL and title appear in search results. The search summary says OPA2111 is in the discontinuation process (生産中止プロセス段階). The exact status code and datasheet revision were not seen.
OPA111,Burr-Brown,unknown,unknown,unknown,OPA111 Datasheet(PDF) - Burr-Brown (TI) (alldatasheet copy),https://www.alldatasheet.com/datasheet-pdf/pdf/56724/BURR-BROWN/OPA111.html,third_party_mirror,medium,The URL and title appear in search results. '(TI)' in the title suggests it could be a TI-era reprint rather than a BB PDS scan. Revision not identified.
OPA111,Burr-Brown,unknown,unknown,unknown,OPA2111AM (Octopart aggregator page with datasheet links),https://octopart.com/part/burr-brown/OPA2111AM,distributor_mirror,medium,"The URL appears in search results, titled 'OPA2111AM Texas Instruments ... Datasheets | Octopart'. The linked datasheet revision was not seen."
OPA1622,Texas Instruments,SBOS727,original (Product Preview),NOVEMBER 2015,"OPA1622 SoundPlus High-Fidelity, Bipolar-Input, Audio Operational Amplifier",,vendor_legacy,high,Its existence is known from the rev A Revision History ('Changes from Original (November 2015) to Revision A'). No copy was located.
OPA1622,Texas Instruments,SBOS727A,A,NOVEMBER 2015 - REVISED NOVEMBER 2015,"OPA1622 SoundPlus High-Fidelity, Bipolar-Input, Audio Operational Amplifier",https://raw.githubusercontent.com/crtvmng/onear_headphones/ac07195486b70f7883ffbb1b88fba6d123fb6d09/RelatedFiles/datasheets/OPA1622.PDF,third_party_mirror,high,"36-page copy, downloaded and text-verified. The PDF metadata shows it was redistributed by Alldatasheet (Author 'Provided By ALLDATASHEET.COM', created 2015-12-18, modified 2016-01-28). The package addendum is dated 10-Dec-2015. First production-data release. Its pin-function table wrongly lists V+ as pin 8, the same as EN; the pinout drawing shows V+ on pin 2. Repo view: https://github.com/crtvmng/onear_headphones/blob/ac07195486b70f7883ffbb1b88fba6d123fb6d09/RelatedFiles/datasheets/OPA1622.PDF"
OPA1622,Texas Instruments,SBOS727B,B,NOVEMBER 2015 - REVISED MAY 2016,"OPA1622 SoundPlus High-Fidelity, Bipolar-Input, Audio Operational Amplifier",,vendor_legacy,high,"The header string 'SBOS727B -NOVEMBER 2015-REVISED MAY 2016' is quoted in TI PSpice model files Final 1.3 (30JAN2019), 1.4 (03DEC2021) and 1.5 (05JUL2022), mirrored in three independent GitHub repos. No PDF copy or change log was located. It may be what the TI symlink serves if no rev C exists."
OPA1622,Texas Instruments,SBOS727,latest (B or later; not verified this run),unknown,"OPA1622 datasheet (current, via symlink)",https://www.ti.com/lit/ds/symlink/opa1622.pdf,vendor_current,medium,"This canonical URL is referenced by the KiCad Amplifier_Audio library and many projects, and it always serves the newest revision. The revision it serves now was not checked."
OPA1622,Texas Instruments,SBOS727,latest,unknown,OPA1622 datasheet (generic part-number redirect),http://www.ti.com/lit/gpn/opa1622,vendor_current,medium,TI gpn redirect to the current datasheet. It appears in SamacSys / Component Search Engine KiCad libraries for OPA1622IDRCR.
OPA1622,Texas Instruments,SBOS727,n/a,n/a,OPA1622 product folder,https://www.ti.com/product/OPA1622,product_page,medium,"Product page title is 'SoundPlus Audio Operational Amplifier with High Performance, Low THD+N and Bipolar Input'. It links to the datasheet, the OPA1622EVM (SBOU172) and the PSpice model."
OPA1642,Texas Instruments,SBOS484,D,DECEMBER 2009 – REVISED APRIL 2016,"OPA164x SoundPlus High-Performance, JFET-Input Audio Operational Amplifiers (OPA1641, OPA1642, OPA1644)",https://www.ti.com/lit/ds/symlink/opa1642.pdf,vendor_current,high,"Current vendor symlink for the shared SBOS484 datasheet. A text capture of the current TI document still carries Rev D with a package addendum dated 17-Jun-2026, so TI had published no Rev E as of mid-2026."
OPA1642,Texas Instruments,SBOS484,D (served by the OPA1641 symlink),DECEMBER 2009 – REVISED APRIL 2016,"OPA164x SoundPlus High-Performance, JFET-Input Audio Operational Amplifiers (OPA1641, OPA1642, OPA1644)",http://www.ti.com/lit/ds/symlink/opa1641.pdf,vendor_current,medium,The OPA1641 symlink is used by the KiCad library and demos. It serves the same shared SBOS484 document. The revision served is assumed to match the OPA1642 symlink and was not independently seen.
OPA1642,Texas Instruments (third-party text capture),SBOS484,D,DECEMBER 2009 – REVISED APRIL 2016 (addendum 17-Jun-2026; tape/reel page 24-Jul-2025),"OPA164x SoundPlus High-Performance, JFET-Input Audio Operational Amplifiers",https://github.com/jdg511/GAS/blob/bd6c16f0bac1e47fd4ef61de9890d669975d8421/hardware/kicad/datasheet_cache/opa1644_652e77ac8c.txt,third_party_mirror,high,"Full text extraction of the 2026 TI datasheet. It includes the Rev D revision-history table (Original, A, B, C, D) and the 2026 orderable addendum listing .B and G4 orderables, part markings, and the OPA1641-Q1/OPA1642-Q1 automotive versions."
OPA1642,Texas Instruments,SBOS791,A,JUNE 2017 – REVISED NOVEMBER 2017,OPA1641-Q1 / OPA1642-Q1 (OPA164x-Q1) automotive SoundPlus JFET-input audio op amps. Exact title not seen.,,vendor_current,medium,"Seen only as a citation in TI's OPA164x-Q1 PSpice model header (13JUN2022). No copy or URL was located, and its change log is unknown."
OPA1642,Texas Instruments,SBOS484,current (D as of 2026),,OPA1642 product page,https://www.ti.com/product/OPA1642,product_page,high,"Product folder with datasheet, PSpice model (OPA164x Final 1.3, 09JUN2022, references SBOS484D) and TI Designs."
OPA1642,Texas Instruments,SBOS484,current (D as of 2026),,OPA1641 product page,https://www.ti.com/product/OPA1641,product_page,high,"Product folder for the single version, sharing datasheet SBOS484."
OPA1656,Texas Instruments,SBOS901,C,SBOS901C - MARCH 2019 - REVISED SEPTEMBER 2022,"OPA165x Ultra-Low-Noise, Low-Distortion, FET-Input, Burr-Brown Audio Operational Amplifiers (OPA1655, OPA1656) datasheet (Rev. C)",https://www.ti.com/jp/lit/ds/symlink/opa1656.pdf,vendor_current,high,"This URL comes from the discovery evidence; egress is blocked, so it was not opened. A TI-generated PDF of the same document (CreationDate 2026-08-11, Keywords SBOS901C, package addendum 9-Nov-2025, materials page 10-Aug-2026) was read directly and shows Rev C was still current in Aug 2026. The /jp/ path may serve English or a translation; not checked."
OPA1656,Texas Instruments,SBOS901,C,SBOS901C - MARCH 2019 - REVISED SEPTEMBER 2022 (PDF generated by TI 2026-08-11),"OPA165x Ultra-Low-Noise, Low-Distortion, FET-Input, Burr-Brown Audio Operational Amplifiers datasheet (Rev. C)",https://github.com/indare/pcb_work/blob/c6d3acc4e15273756a5de0ede66dc656917d916f/Audio/datasheets/opamps/TI_OPA1656.pdf,third_party_mirror,high,"A hobby PCB repo's copy of the TI PDF, retrieved through git and read in full this run. The header and footer read 'SBOS901C - MARCH 2019 - REVISED SEPTEMBER 2022'. It holds the full revision history (*, A, B, C) and the orderable list."
OPA1656,Texas Instruments,SBOS901,current,n/a,OPA1656 product page,https://www.ti.com/product/OPA1656,product_page,high,TI product folder for the OPA1656. Seen in discovery evidence.
OPA1656,Texas Instruments,SBOS901,B,December 2021,"OPA1655, OPA1656 datasheet (Rev. B)",,vendor_revision_specific,high,Known only from the Rev C revision history ('Added OPA1655 production data (active) device'). No copy found (web search unavailable). Inferred TI URL is in archive_seed_urls.
OPA1656,Texas Instruments,SBOS901,A,July 2019,OPA1656 datasheet (Rev. A),,vendor_revision_specific,high,Known only from the Rev C revision history: the first production-data release of the OPA1656. No copy found.
OPA1656,Texas Instruments,SBOS901,*,March 2019,"OPA1656 datasheet (Advance Information, Rev. *)",,vendor_revision_specific,high,Known only from the Rev C revision history: the Advance Information (preview) issue. No copy found. Preliminary specs may differ from production values.
OPA2107,Burr-Brown,unknown,unknown,unknown,OPA2107 datasheet (Burr-Brown-branded copy),https://www.alldatasheet.com/datasheet-pdf/pdf/177039/BURR-BROWN/OPA2107.html,third_party_mirror,low,"Unconfirmed URL: it comes from the discovery notes, and neither this pass nor the original could run a web search. Contents and revision were not inspected. If it is Burr-Brown-branded it is probably a pre-TI PDS edition or an early TI reissue."
OPA2107,Texas Instruments,unknown,n/a,unknown,OPA2107 product folder,https://www.ti.com/product/OPA2107,product_page,low,"Unconfirmed URL: it follows the standard TI product-folder pattern and came from a discovery lens marked 'not web-verified'. The TI PSpice model SBOM045 for OPA2107 is confirmed (werner2101/spicelib checksum list), which suggests TI hosted a product folder at some point."
OPA827,Texas Instruments,SBOS376,I (latest confirmed; revision currently served by the symlink not checked),NOVEMBER 2006 – REVISED JULY 2016,"OPA827 Low-Noise, High-Precision, JFET-Input Operational Amplifier",https://www.ti.com/lit/ds/symlink/opa827.pdf,vendor_current,medium,"TI's own OPA827 PSpice model (Final 1.3, 21FEB2022) confirms Rev I and its dates with the header 'Datasheet: SBOS376I -NOVEMBER 2006-REVISED JULY 2016'. The symlink URL appears in the PatrickBaus KiCad library (http:// form) and other repos. It serves whatever revision is current, so a Rev J or later is possible."
OPA827,Texas Instruments,SBOS376,H,NOVEMBER 2006 – REVISED MAY 2012,"Low-Noise, High-Precision, JFET-Input, Op Amp (Rev. H)",https://github.com/ep092/server_lader/blob/master/Datenbl%C3%A4tter/Operational%20Amplifier%20OPA827.pdf,third_party_mirror,high,"Genuine 28-page TI PDF, extracted and read this run. PDF keywords 'SBOS376,SBOS376H'; ModDate 2013-11-27; package addendum dated 18-Oct-2013. Contains the revision history F to G to H and the orderables list. First committed on 2014-12-01 as Datenblätter/opa827.pdf and renamed on 2016-06-27. Raw copy: https://raw.githubusercontent.com/ep092/server_lader/master/Datenbl%C3%A4tter/Operational%20Amplifier%20OPA827.pdf"
OPA827,Texas Instruments,SBOS376,current (not checked),unknown,OPA827 datasheet (generic part-number redirect),https://www.ti.com/lit/gpn/OPA827,vendor_current,low,"Unconfirmed URL. It follows the standard TI gpn pattern and was cited by the discovery lens, but it did not appear as a search result this run."
OPA827,Texas Instruments,SBOS376,n/a,n/a,OPA827 product page,https://www.ti.com/product/OPA827,product_page,medium,Seen as a search result titled 'OPA827 のデータシート、製品情報、およびサポート | TI.com'. Current lifecycle status and datasheet revision were not read.
OPA828,Texas Instruments,SBOS671D,D,SEPTEMBER 2018 - REVISED DECEMBER 2022,"OPAx828 Low-Offset, Low-Drift, Low-Noise, 45-MHz, 36-V, JFET-Input Operational Amplifiers datasheet (Rev. D)",https://www.ti.com/lit/ds/symlink/opa828.pdf,vendor_current,high,"Verified from two differently generated copies of this PDF on GitHub. PDF metadata: title '(Rev. D)', keywords 'SBOS671D', 47 pages. Footer: 'SBOS671D - SEPTEMBER 2018 - REVISED DECEMBER 2022'. Build of 2025-07-26: package addendum 17-Jun-2025, packaging pages 24-Jul-2025. Build of 2026-08-11: addendum 9-Nov-2025, packaging 10-Aug-2026. The body text is identical in both, so TI regenerates the file without changing the letter. Many GitHub KiCad libraries link this URL, including http:// and ?ts=1647973529631 (22-Mar-2022) variants."
OPA828,Texas Instruments,SBOS671,D (current),REVISED DECEMBER 2022,OPAx828 datasheet (TI lit/pdf link),https://www.ti.com/lit/pdf/SBOS671,vendor_current,high,This link is embedded as a hyperlink in the SBOS671D PDF itself. It resolves to the current revision.
OPA828,Texas Instruments,SBOS671D,D (current),REVISED DECEMBER 2022,OPA828 datasheet (TI generic part-number redirect),https://www.ti.com/lit/gpn/opa828,vendor_current,high,Redirects to the current datasheet. Used as the datasheet link in the Q17-Mini-3.0 and Q17-TURBO-2.0 KiCad schematics and in philipturner/transimpedance-amplifier KiCad files.
OPA828,Texas Instruments,SBOS671,n/a,n/a,OPA828 product folder,https://www.ti.com/product/OPA828,product_page,high,"Linked from the SBOS671D PDF (footer 'Product Folder Links' and part-details links, e.g. /product/OPA828/part-details/OPA828ID)."
OPA828,Texas Instruments,SBOS671,n/a,n/a,OPA2828 product folder,https://www.ti.com/product/OPA2828,product_page,high,"A separate product folder for the dual, hyperlinked from the SBOS671D PDF (also /product/OPA2828/part-details/OPA2828IDGNR). It shares the SBOS671 datasheet."
OPA828,Texas Instruments,SBOS671C,C,October 2022,OPAx828 datasheet (Rev. C): added OPA828/OPA2828 DGN (HVSSOP-8) as preview,,vendor_revision_specific,high,Existence and date come from the SBOS671D revision history. No copy was located. The revision-specific URL pattern is inferred and appears only in archive_seed_urls.
OPA828,Texas Instruments,SBOS671B,B,SEPTEMBER 2018 - REVISED DECEMBER 2018,"SBOS671B datasheet: first production-data release (single OPA828, SOIC-8)",,vendor_revision_specific,high,"TI's OPAx828 PSpice model quotes the header 'SBOS671B -SEPTEMBER 2018-REVISED DECEMBER 2018' (copies in stefaweb/Q17-Amplifier, jmwilson/oshw-active-probe, VicKoz/LTspice_Library and others). SBOS671D calls Rev B the 'First release of production-data data sheet'. A 2019 text copy of its description and features (see the partstech2019-10 entry) shows the single OPA828 in SOIC-8 only, so the exact title may have been singular 'OPA828 ...' rather than 'OPAx828' (not seen). It was the current version from Dec 2018 to Oct 2022, so Wayback captures of symlink/opa828.pdf in that window should hold it. No PDF copy was located."
OPA828,Texas Instruments,SBOS671A,A,November 2018,SBOS671A datasheet,,vendor_revision_specific,medium,"Known only from the SBOS671D revision history ('Changes from Revision A (November 2018) to Revision B'). It predates production data, so it was presumably advance information (inferred). No copy located."
OPA828,Texas Instruments,SBOS671,- (original),September 2018,SBOS671 datasheet (original issue),,vendor_revision_specific,medium,"The original date 'SEPTEMBER 2018' appears in every later header. It came before the first production-data release, so it was presumably advance information (inferred). No copy located."
OPA828,Texas Instruments (text copy in a third-party dataset),SBOS671 (revision not stated; content consistent with Rev B),B-era (inferred),file named 2019-10; repo commit 2022-06-21,partstech2019-10.txt: OPA828 description and features text (Rev-B era),https://github.com/BloomTechBackend/bd-maps-parts-discovery/blob/main/src/main/resources/partcatalogs/partstech2019-10.txt,third_party_mirror,medium,"Plain-text copy of a distributor-style blurb plus the datasheet's '3 Description' and Features text: 'The OPA828 JFET is the next generation OPA627 and OPA827...', offset 50 uV, drift 0.45 uV/C, bias 1 pA, 4 nV/rtHz, 45 MHz, 150 V/us, 120 ns 14-bit settling, 'Package: 8-pin SOIC'. Applications included 'Seismic Test Equipment', which SBOS671D replaces with 'Lab and field instrumentation'. There is no OPA2828 or DGN. The text is not a PDF, so the revision letter is inferred."
OPA828,Texas Instruments (GitHub mirror),SBOS671D,D,SEPTEMBER 2018 - REVISED DECEMBER 2022,"TI_OPA828.pdf (OPAx828 datasheet Rev. D copy, 2026 build)",https://github.com/indare/pcb_work/blob/main/Audio/datasheets/opamps/TI_OPA828.pdf,third_party_mirror,high,"Verified Rev D: title '(Rev. D)', keywords SBOS671D. The PDF was built 2026-08-11 with the 9-Nov-2025 addendum; the repo notes say it was fetched 2026-08-25. It is present at repo HEAD c6d3acc (2026-09-25 +0900). The exact add-commit date was not confirmed (shallow clone)."
OPA828,Texas Instruments (GitHub mirror),SBOS671D,D,SEPTEMBER 2018 - REVISED DECEMBER 2022,"OPA828.pdf (OPAx828 datasheet Rev. D copy, 2025 build)",https://github.com/philipturner/transimpedance-amplifier/blob/main/Models/Datasheets/OPA828.pdf,third_party_mirror,high,"Added in commit 1f431e8 (2025-08-07). The PDF was built 2025-07-26: addendum 17-Jun-2025, packaging 24-Jul-2025, 47 pages. A byte-identical copy (same MD5) is at https://github.com/philipturner/capacitive-displacement-metrology/blob/main/Models/Datasheets/OpAmps/OPA828.pdf (added at that path 2026-02-10, first present in the repo 2026-01-16 under an earlier path)."
OPAx211,Texas Instruments,SBOS377,L,OCTOBER 2006 – REVISED JANUARY 2020,"OPAx211 1.1-nV/√Hz Noise, Low Power, Precision Operational Amplifiers",https://www.ti.com/lit/ds/symlink/opa211.pdf,vendor_current,high,"The URL is confirmed by GitHub code search in four independent EDA libraries: loxodes/vna, emoestudio/EmoeKiLib, dougmurray/horizon-pool (a Mouser referral link) and dfnr2/terra-eda-library get_sheets.sh. The harvested copy is SBOS377L, with PDF CreationDate 2025-11-10 and a package addendum dated 9-Nov-2025. It covers OPA211, OPA211A, OPA2211 and OPA2211A. A rev M after Nov 2025 has not been ruled out, because web search was unavailable."
OPAx211,Texas Instruments,SBOS377,L,OCTOBER 2006 – REVISED JANUARY 2020,"OPAx211 1.1-nV/√Hz Noise, Low Power, Precision Operational Amplifiers (GitHub mirror)",https://github.com/dfnr2/terra-eda-library/blob/HEAD/datasheets/ti/opa211.pdf,third_party_mirror,high,"Git LFS object, 2,772,060 bytes. SHA-256 91579dba…08bcf matches the LFS pointer at repo HEAD (commit 25 Jun 2026). Raw copy: media.githubusercontent.com/media/dfnr2/terra-eda-library/HEAD/datasheets/ti/opa211.pdf. The harvest date is unknown; the only date known is the PDF's CreationDate of 2025-11-10. The header, the revision history (G to L) and the 9-Nov-2025 addendum were checked."
OPAx211,Texas Instruments,SBOS377,(original),OCTOBER 2006,"OPAx211 datasheet, original issue",,vendor_revision_specific,medium,No copy was found. The date comes from the rev L header 'SBOS377L – OCTOBER 2006'. Its contents and any Product Preview status are unknown.
OPAx211,Texas Instruments,SBOS377G,G,May 2009,OPAx211 datasheet rev G,,vendor_revision_specific,high,No copy was found. Rev L's revision history names it as the base for rev H. A GitHub code search for SBOS377A–J found no references. Revisions A–F are undocumented.
OPAx211,Texas Instruments,SBOS377H,H,November 2015,OPAx211 datasheet rev H,,vendor_revision_specific,high,No copy was found. In this revision the OPA211 pin table had the SON V+ and V− pin numbers swapped (4 and 7); rev I corrected them.
OPAx211,Texas Instruments,SBOS377I,I,June 2016,OPAx211 datasheet rev I,,vendor_revision_specific,high,No copy was found. It is attested by the rev L revision history.
OPAx211,Texas Instruments,SBOS377J,J,February 2018,OPAx211 datasheet rev J,,vendor_revision_specific,high,No copy was found. It is attested by the rev L revision history.
OPAx211,Texas Instruments,SBOS377K,K,SEPTEMBER 2018,OPAx211 datasheet rev K,,vendor_revision_specific,high,No copy was found. It is attested by the rev L revision history and by the header of the TI PSpice model OPA211.LIB (dated 06FEB2019): 'Datasheet: SBOS377K -OCTOBER 2006-REVISED SEPTEMBER 2018'. The OPAx211.LIB and OPAx211A.LIB models (Final 1.4) cite SBOS377L.
OPAx211,Texas Instruments,SBOS377,n/a,n/a,OPA211 product folder,https://www.ti.com/product/OPA211,product_page,high,Seen in the result lists of the earlier discovery run's searches; not re-searched in this pass.
OPAx211,Texas Instruments,SBOS377,n/a,n/a,OPA2211A product folder,https://www.ti.com/product/OPA2211A,product_page,high,Seen in the result lists of the earlier discovery run's searches; not re-searched in this pass.
OPAx211,Texas Instruments,SBOS377,n/a,n/a,OPA211 product folder (Japanese),https://www.ti.com/product/ja-jp/OPA211,product_page,high,Seen in the result lists of the earlier discovery run's searches; not re-searched in this pass.
OPAx227,Texas Instruments (Burr-Brown product line),SBOS110A,A,SBOS110A - MAY 1998 - REVISED JANUARY 2005,"OPA227, OPA2227, OPA4227, OPA228, OPA2228, OPA4228 High Precision, Low Noise Operational Amplifiers",https://raw.githubusercontent.com/zuoliangyu/NUEDC_TOPIC/2703761d73fa152f63abf20e3c6584b6b0102b05/%E7%BB%BC%E5%90%88%E6%B5%8B%E8%AF%84/%E5%8F%82%E8%80%83%E8%B5%84%E6%96%99/OPA227.pdf,third_party_mirror,high,"Downloaded and text-extracted: 17 datasheet pages plus a TI Package Option Addendum dated 26-Jan-2014 and packaging pages dated 9-Sep-2013. The page footer reads 'Copyright 1998-2005'. PDF metadata: Title '...(Rev. A)', Keywords 'SBOS110,SBOS110A'. The old Burr-Brown PageMaker layout has no revision-history table. Single versions have offset trim on pins 1/8. sha256 3a725c01be6a600f0b6e5d0aff85d54d93b36441841ac6762eb13f5836aeccb8. Hosted in a GitHub repo of Chinese electronics-contest material."
OPAx227,Texas Instruments,SBOS110,current; SBOS110B (June 2015) per TI PSpice model headers dated 2019 and 2022,REVISED JUNE 2015 (per model headers; the PDF itself was not read),"OPAx227 / OPAx228 datasheet (current symlink, OPA227)",https://www.ti.com/lit/ds/symlink/opa227.pdf,vendor_current,medium,URL seen in KiCad libraries and schematics on GitHub. It has not been checked whether TI issued a revision after B.
OPAx227,Texas Instruments,SBOS110,"current (believed B, June 2015)",unverified,"OPAx227 / OPAx228 datasheet (current symlink, OPA2227)",https://www.ti.com/lit/ds/symlink/opa2227.pdf,vendor_current,medium,Same document as opa227.pdf. URL seen in GitHub KiCad schematics.
OPAx227,Texas Instruments,SBOS110,"current (believed B, June 2015)",unverified,"OPAx227 / OPAx228 datasheet (current symlink, OPA228)",https://www.ti.com/lit/ds/symlink/opa228.pdf,vendor_current,medium,"URL seen in GitHub KiCad and Altium libraries. An Altium library records DatasheetVersion 'SBOS110A', so the library data comes from Rev A."
OPAx227,Texas Instruments,SBOS110,"current (believed B, June 2015)",unverified,"OPAx227 / OPAx228 datasheet (current symlink, OPA2228)",https://www.ti.com/lit/ds/symlink/opa2228.pdf,vendor_current,medium,URL seen in a GitHub component catalogue.
OPAx227,Texas Instruments (Japan),unknown (TI JP translation number not seen),unknown,unknown,OPAx227、OPAx228 高精度、低ノイズのオペアンプ (Japanese translation),https://www.ti.com/jp/lit/ds/symlink/opa2227.pdf,vendor_current,medium,"The title seen in search results uses the 'OPAx227、OPAx228' naming, which suggests the post-2015 TI template. The translation may lag the English revision."
OPAx227,Burr-Brown / Texas Instruments,SBOS110 or SBOS110A (unconfirmed),unknown: original (May 1998) or A (Jan 2005),unknown,"High Precision, Low Noise OPERATIONAL AMPLIFIERS (OPA227 series)",https://users.ece.utexas.edu/~valvano/Datasheets/OPA227.pdf,third_party_mirror,low,"From Jonathan Valvano's UT Austin datasheet collection. The search-result title matches the old Burr-Brown page-1 layout, so it is pre-2015. A useful candidate for the Burr-Brown original; its header was not seen."
OPAx227,Texas Instruments,SBOS110,unknown (possibly B),unknown,"OPAx227/OPAx228 datasheet (Mouser copy, filed as opa4228)",https://www.mouser.com/datasheet/2/405/opa4228-445576.pdf,distributor_mirror,low,"This copy came up in a search for 'Changes from Revision A', and its first extracted text is a noise-plot axis. Both fit the newer TI template (Rev B) but neither confirms it."
OPAx227,Texas Instruments,n/a,n/a,n/a,OPA2227 product page,https://www.ti.com/product/OPA2227,product_page,high,Lists the current datasheet revision and lifecycle status. Not read in this run.
OPAx227,Texas Instruments,n/a,n/a,n/a,OPA2228 product page,https://www.ti.com/product/OPA2228,product_page,high,Not read in this run.
AD711,Analog Devices,D00823-0-11/18(I),Rev. I,11/2018,"AD712: Precision, Low Cost, High Speed BiFET Dual Op Amp (Data Sheet)",https://github.com/Vitorbnc/electronics-datasheets/blob/6c6d127ab8b1a71b1036b54df74e0b97874cec9a/ICs/AD712.pdf,third_party_mirror,high,"Verified by extracting the PDF (blob a3404b6e). PDF metadata title is 'AD712 (Rev. I)', created 2018-11-14; 20 pages; ©1986–2018. The Revision History runs back to Rev. C→D (9/2001). The footer code D00823-0-11/18(I) matches the figure labels '00823-0xx'. The ordering guide lists Z (RoHS) PDIP/SOIC parts plus AQ and SQ/883B CERDIP. A local copy is at /tmp/claude-0/-home-user-HiFi-Op-Amp-Legends-Map/f8f116a3-c1a3-5eda-a1ad-263f858ffade/scratchpad/ad711/Vitorbnc_AD712.pdf."
AD711,Analog Devices,unknown,unknown,unknown,AD712 data sheet (legacy analog.com path),http://www.analog.com/static/imported-files/data_sheets/AD712.pdf,vendor_legacy,medium,"The legacy URL appears in several Eagle libraries (description 'Dual Precision, Low Cost, High Speed BiFET Op Amp'). It probably held Rev. G or H, but that is not verified; good Wayback seed."
AD711,Analog Devices,unknown,unknown (current),unknown,"AD711: Precision, Low Cost, High Speed, BiFET Op Amp (Data Sheet)",https://www.analog.com/media/en/technical-documentation/data-sheets/AD711.pdf,vendor_current,medium,The current ADI URL appears in the SamacSys/Mouser CAD library for AD711JRZ-REEL (github yjv/dc-load-schematic). The revision letter and change log were not seen because web access was unavailable.
AD711,Analog Devices,unknown,unknown,unknown,AD711 data sheet (legacy analog.com path),http://www.analog.com/static/imported-files/data_sheets/AD711.pdf,vendor_legacy,medium,"The legacy URL appears in Eagle libraries (ColdMatter/CCMCircuits, NSEE/SimuCam, INTech). Those libraries also list a TO-99 (H-8) metal-can package for the AD711. Revision not identified."
AD711,Analog Devices,unknown,unknown,c. 2011 or earlier (linked by the MIT OCW MAS.836 Spring 2011 course),AD713 quad BiFET op amp data sheet (legacy analog.com path),http://www.analog.com/static/imported-files/data_sheets/AD713.pdf,vendor_legacy,medium,"The URL was seen in MIT OpenCourseWare course content (mitocwcontent/mas.836-spring-2011, assignments page). Revision not identified."
AD711,Analog Devices,n/a,n/a,n/a,AD712 product page,https://www.analog.com/en/products/ad712.html,product_page,medium,From the discovery notes; not opened this session.
AD711,Analog Devices,n/a,n/a,n/a,AD711 product page,https://www.analog.com/en/products/ad711.html,product_page,medium,From the discovery notes; not opened this session.
AD743,Analog Devices,AD745 data sheet,unknown (not verified),unknown,AD745 data sheet (current ADI media URL),https://www.analog.com/media/en/technical-documentation/data-sheets/AD745.pdf,vendor_current,medium,"URL seen in a public GitHub list of industry PDFs (grahama1970/agent-stack-public). The PDF could not be opened (web fetch blocked, web search budget used up), so its revision letter, date and revision history were not read."
AD743,Analog Devices,AD745 data sheet,unknown (older revision likely frozen in Wayback copies),unknown,AD745 data sheet (legacy ADI static URL),http://www.analog.com/static/imported-files/data_sheets/AD745.pdf,vendor_legacy,medium,"Pre-2014-style ADI URL, cited as the source of the '16-Lead SOIC (R) Package' footprint in several Eagle libraries (digitaldex/piMeter_hardware, BrownSpaceEngineering/EquiSat-EAGLE, quicksilv3rflash tACS). Good Wayback seed for an older revision."
AD743,Analog Devices,AD743 data sheet,unknown (not verified),unknown,AD743 product page (links current data sheet),https://www.analog.com/en/products/ad743.html,product_page,medium,From discovery notes. The direct AD743 PDF URL was not observed in any result; the inferred pattern is listed only in archive_seed_urls.
AD743,Analog Devices,AD745 data sheet,unknown (not verified),unknown,AD745 product page (links current data sheet),https://www.analog.com/en/products/ad745.html,product_page,medium,From discovery notes.
AD744,Analog Devices,AD744 data sheet,unknown,unknown (URL linked in 2014 and in the Autodesk Eagle library),"AD744: Precision, 500 ns Settling BiFET Op Amp",http://www.analog.com/static/imported-files/data_sheets/AD744.pdf,vendor_legacy,high,"Legacy ADI URL, seen in the Eagle library AD744 description (ColdMatter/CCMCircuits) and linked from the ZeptoBars/Habr 2014 teardown. That copy had a die photo matching the fake's 'B744' die. The revision letter was not captured."
AD744,Analog Devices,AD746 data sheet,unknown,unknown,"AD746: Dual Precision, 500 ns Settling, BiFET Op Amp",http://www.analog.com/static/imported-files/data_sheets/AD746.pdf,vendor_legacy,high,"Legacy ADI URL, seen in the Eagle library AD746 description (willywil/DrinkRobot schematics). The LTspice symbol gives the same title. The revision letter was not captured."
AD744,Analog Devices,-,-,-,AD744 product page,https://www.analog.com/en/products/ad744.html,product_page,medium,Listed in the discovery notes; not re-checked this session because web search was unavailable. It should link the current datasheet revision and lifecycle status.
AD825,Analog Devices,AD825,unknown (current web copy; revision letter not read),unknown,"AD825 - Low Cost, General-Purpose High Speed JFET Amplifier (data sheet)",https://www.analog.com/media/en/technical-documentation/data-sheets/AD825.pdf,vendor_current,medium,"The URL and title are confirmed independently by several EDA libraries: the Autodesk EAGLE IC_Linear library (AD825ARZ component urn 16378358 v9/v11/v15), the KiCad schematic KaizhaoWang/Intensity_servo and the ColdMatter titles. The footer revision letter, the date and the Revision History table could not be read, because web access is blocked and the session's search budget was used up."
AD825,Analog Devices,AD825,unknown,unknown (the URL was in use before ADI's 2016 site migration),"AD825 - Low Cost, General-Purpose High Speed JFET Amplifier (data sheet, legacy analog.com path)",http://www.analog.com/static/imported-files/data_sheets/AD825.pdf,vendor_legacy,medium,"Cited as 'Source:' in the ColdMatter/CCMCircuits EAGLE schematics (AD825_A / AD825_B devicesets, e.g. CCM_0025_PID/CCM_0025.sch). It is a good Wayback candidate for recovering an older revision. Which revision it served is unknown."
AD825,Analog Devices (via Mouser),AD825,unknown,unknown,Mouser product page AD825AR (leaded SOIC-8),https://www.mouser.com/ProductDetail/Analog-Devices/AD825AR?qs=%2FtpEQrCGXCzn9bfJNaSDbw%3D%3D,product_page,low,"The distributor page for the old leaded orderable. Its attached mouser.com/datasheet/2/609/... copy may hold an older revision, but this was not checked. The URL comes from the Mouser-Page-Content-Scraper Sample_URLs.tsv on GitHub."
AD825,Analog Devices (via Mouser),AD825,unknown,unknown,Mouser product page AD825ARZ (RoHS SOIC-8),https://www.mouser.com/ProductDetail/Analog-Devices/AD825ARZ?qs=%2FtpEQrCGXCxOEwDf7bhYPw%3D%3D,product_page,low,"The distributor page for the current orderable. The revision of the datasheet it attaches was not checked. The same source lists AD825ARZ-16, -REEL and -REEL7 pages."
AD826,Analog Devices,AD826,"unknown (current, not observed)",unknown,"AD826 High-Speed, Low-Power Dual Operational Amplifier",https://www.analog.com/media/en/technical-documentation/data-sheets/AD826.pdf,vendor_current,medium,"Current ADI URL, seen in several KiCad schematics and BOMs (2018–2024). The title comes from ADI-sourced Eagle and KiCad library descriptions. The revision letter and date could not be read because web search and fetch were unavailable."
AD826,Analog Devices,AD826,Rev. C,unknown,"AD826 High-Speed, Low-Power Dual Operational Amplifier",http://www.analog.com/static/imported-files/data_sheets/AD826.pdf,vendor_legacy,medium,Legacy ADI 'static/imported-files' URL (ADI used this pattern around 2007–2015). An Altium vault component record for AD826ANZ pairs this URL with DatasheetVersion = 'Rev. C'. The same URL appears in an Eagle library and a KiCad library.
AD845,Analog Devices,n/a (product page),unknown,unknown,AD845 product page (hosts current datasheet),https://www.analog.com/en/products/ad845.html,product_page,low,"Unconfirmed URL: it follows ADI's standard product-page pattern and was in the discovery evidence list, but neither run fetched or search-confirmed it. The datasheet revision letter, date and revision-history table are unknown."
AD845,Mouser (distributor),n/a (distributor page),n/a,unknown,AD845JNZ product detail page,https://www.mouser.com/ProductDetail/Analog-Devices/AD845JNZ?qs=%2FtpEQrCGXCyqfS60ab%252BuTA%3D%3D,product_page,low,"URL seen verbatim in a third-party Mouser scraper sample list on GitHub (Abinet508/Mouser-Page-Content-Scraper). Not fetched, so whether it is live and which datasheet revision it links are unknown."
AD845,Mouser (distributor),n/a (distributor page),n/a,unknown,AD845JN product detail page (non-RoHS orderable),https://www.mouser.com/ProductDetail/Analog-Devices/AD845JN?qs=%2FtpEQrCGXCxjbQpMOvCCgA%3D%3D,product_page,low,URL seen verbatim in the same third-party Mouser scraper sample list. Not fetched. A Wayback copy may link an older datasheet revision.
AD847,Analog Devices,AD847,unknown (not observed this run),unknown,"AD847: High Speed, Low Power Monolithic Op Amp (data sheet)",https://www.analog.com/media/en/technical-documentation/data-sheets/ad847.pdf,vendor_current,medium,The URL and title were seen cited in a third-party LaTeX bibliography that accessed the file on 11 Mar 2023 (github.com/jonberalpha/LaTeX-templates). The revision letter and date were not verified because the web-search budget was exhausted.
AD847,Analog Devices,AD827,unknown,unknown,"AD827 product page / data sheet and product info (High Speed, Low Power Dual Op Amp)",https://www.analog.com/en/products/ad827.html,product_page,high,"Returned by an earlier search. Its summary says the AD827 is the dual version of ADI's industry-standard AD847, with 300 V/us and 50 MHz unity-gain bandwidth. The generic title 'High Speed, Low Power Dual Op Amp' comes from ADI's AD827 SPICE model header. The datasheet PDF URL was not observed (see archive_seed_urls)."
AD847,Analog Devices,AD847,unknown,unknown,AD847 product page,https://www.analog.com/en/products/ad847.html,product_page,medium,Listed in the discovery evidence URLs. Lifecycle status on this page was not verified.
AD847,Analog Devices,ad847.cir,current vendor copy unknown; third-party copies show Rev. A 12/90 and Rev. B 08/2006,unknown,AD847 SPICE Macro-model (ad847.cir),https://www.analog.com/media/en/simulation-models/spice-models/ad847.cir?modelType=spice-models,vendor_current,medium,This is not a datasheet; it is included because its header carries dated revisions. The URL was seen in the same third-party bibliography (accessed 23 Feb 2023).
AD847,Mouser Electronics (distributor),n/a,n/a,unknown (URL list scrape date unknown),AD827JNZ product page,https://www.mouser.com/ProductDetail/Analog-Devices/AD827JNZ?qs=%2FtpEQrCGXCyN%252BCu3Ds21BQ%3D%3D,product_page,medium,"The URL comes from a GitHub-hosted Mouser URL list, which also has AD827JN, AD827JRZ-16 and AD827JRZ-16-REEL7. Which datasheet revision Mouser links is unknown."
AD847,Mouser Electronics (distributor),n/a,n/a,unknown,AD847JNZ product page,https://www.mouser.com/ProductDetail/Analog-Devices/AD847JNZ?qs=%2FtpEQrCGXCwi%2Fm1CdjScgw%3D%3D,product_page,medium,"The same list also has AD847JN, JR, JRZ, JRZ-REEL7, AR, ARZ and ARZ-REEL7."
ADA4075-2,Analog Devices,ADA4075-2,unknown (current revision not retrieved),unknown,"ADA4075-2: Ultralow Noise Amplifier at Lower Power (data sheet, current)",https://www.analog.com/media/en/technical-documentation/data-sheets/ADA4075-2.pdf,vendor_current,medium,This URL was seen as the datasheet_url in a third-party parts catalog and follows ADI's standard current path. The revision letter and date could not be read because the WebSearch budget was exhausted.
ADA4075-2,Analog Devices,ADA4075-2,unknown (probably an early revision),unknown (URL in use from about 2009 to the mid-2010s),ADA4075-2 data sheet (legacy ADI location),https://www.analog.com/static/imported-files/data_sheets/ADA4075-2.pdf,vendor_legacy,high,"Old ADI 'static/imported-files' location, also used as http://. It is the datasheet link in the official KiCad Amplifier_Operational library and in many EAGLE and KiCad user libraries. Wayback captures of this URL are the best route to Rev. 0 and early revisions."
ADA4075-2,Analog Devices,n/a,n/a,n/a,ADA4075-2 product page,https://www.analog.com/en/products/ada4075-2.html,product_page,medium,"Canonical product page, from the project discovery notes. It should list the current datasheet revision, the orderable parts and their lifecycle status, and any PCNs."
ADA4898,Analog Devices,ADA4898-1/ADA4898-2 data sheet (combined single/dual),current (third-party 2026 note says Rev. E; another third-party DB says Rev F; unconfirmed),unknown,"ADA4898-1/ADA4898-2 High Voltage, Low Noise, Low Distortion, Unity-Gain Stable, High Speed Op Amp",https://www.analog.com/media/en/technical-documentation/data-sheets/ada4898-1_4898-2.pdf,vendor_current,high,"The KiCad official library links this URL, and its footprint cites #page=29 for the RD-8-2 package outline. An upper-case variant, https://www.analog.com/media/en/technical-documentation/data-sheets/ADA4898-1_4898-2.pdf, is also cited as the canonical URL. The revision letter and change log were not checked directly because web access was unavailable."
ADA4898,Analog Devices,ADA4898-1/ADA4898-2 data sheet,Rev. E (per third-party citation),unknown,"ADA4898-1/ADA4898-2 data sheet, full-text mirror",https://www.radiolocman.com/datasheet/data.html?di=349231,third_party_mirror,medium,"A GitHub component review (Timzhao0205/PhD_Career_Portfolio COMPONENT_REVIEW.md) says it verified specs from this mirror, which hosts the actual ADI Rev E PDF. It quotes: 0.9 nV/√Hz, 2.4 pA/√Hz, 65 MHz at G=+1, 55 V/µs, ±5 to ±16 V, 8 mA per amplifier."
ADA4898,Analog Devices,ADA4898-1/ADA4898-2 data sheet,unknown,unknown,ADA4898-2YRDZ datasheet (distributor copy),https://static.chipdip.ru/lib/677/DOC011677565.pdf,distributor_mirror,low,"Chip and Dip (Russian distributor) copy, linked from the 00xED/altium-common parts DB. Its revision is unknown and it may be frozen at an older revision; worth archiving."
ADA4898,Analog Devices,n/a,n/a,n/a,ADA4898-1 product page,https://www.analog.com/en/products/ada4898-1.html,product_page,high,"Should list the datasheet revision, lifecycle status, SPICE model and any PCNs. Not fetched this run."
ADA4898,Analog Devices,n/a,n/a,n/a,ADA4898-2 product page,https://www.analog.com/en/products/ada4898-2.html,product_page,high,Dual version's product page. Not fetched this run.
LF356,National Semiconductor,unknown (page numbered 8-1),preliminary / new-product announcement,1975 (from archive filename; no date in the extracted text),New Products: LF156 monolithic JFET input operational amplifier,https://github.com/chenshuo/nuedc/blob/main/docs/opamp/lf156-1975.pdf,third_party_mirror,medium,"One-page launch sheet for the metal-can LF156: 5 MHz, 15 V/µs, 1.4 µs settling, 12 nV/√Hz, <100 Hz 1/f corner. Pin 8 is labelled 'current source reference' with the note 'Pin 8 must be connected to Pin 7 when offset adjust is not used'. Read via its OCR text layer."
LF356,National Semiconductor,databook pp. 3-1–3-13 (no DS number printed),1980 databook edition,1980 (from archive filename),"LF155/LF156/LF157 Series Monolithic JFET Input Operational Amplifiers (Linear Databook section, pp. 3-1 to 3-13)",https://github.com/chenshuo/nuedc/blob/main/docs/opamp/lf156-1980.pdf,third_party_mirror,high,"Full line-up: LF155/155A/255/355/355A/355B, LF156/156A/256/356/356A/356B and LF157/157A/257/357/357A/357B, in H, J and N packages. DIP order numbers are LF355N, LF356N and LF357N. The feature list claims 10,000 pF capacitive loads, and the schematic note reads 'C = 2 pF on LF157'. A-grade tables give VOS 2 mV max and IB 50 pA max."
LF356,National Semiconductor,DS005646,May 2000 edition,May 2000 (footer © 2001; PDF created 2001-03-01),LF155/LF156/LF355/LF356/LF357 JFET Input Operational Amplifiers,https://github.com/KAAHistory/KTIB/blob/master/Hardware/PSU/LF356N.pdf,third_party_mirror,high,"24 pages. No LF256/LF257 and no A grades. Metal-can orders: LF155H, LF156H, LF356BH, LF356H, LF357H. DIP/SO orders: LF356M, LF356MX, LF355N, LF356N. The feature list now says 5,000 pF and the schematic note '3 pF in LF357 series'. TI's SNOSBH0 header dates the original document to this May 2000 edition."
LF356,National Semiconductor,DS005646,December 2001 edition,December 2001,LF155/LF156/LF256/LF257/LF355/LF356/LF357 JFET Input Operational Amplifiers,https://github.com/mattbellis/PHYS-3330/blob/main/resources/manuals-and-data-sheets/ds-LF356-OP-Amp.pdf,third_party_mirror,high,"23 pages; PDF created 2001-12-17. Adds back LF256H and LF257H (−25 to +85 °C). Metal-can orders: LF155H, LF156H, LF256H, LF257H, LF356BH, LF356H, LF357H (JM38510/11401 and /11402 note). DIP/SO orders: LF356M, LF356MX, LF355N, LF356N. The copy at https://github.com/chenshuo/nuedc/blob/main/docs/opamp/lf356-2001.pdf is byte-identical."
LF356,National Semiconductor,DS005646 (presumed),unknown,unknown,LF356 datasheet (legacy national.com link),http://www.national.com/ds/LF/LF356.pdf,vendor_legacy,medium,Dead legacy URL seen in the gEDA spicelib National op-amp index; http://www.national.com/ds/LF/LF156.pdf was also used there. Check the Wayback Machine for the edition it held.
LF356,National Semiconductor,n/a,n/a,unknown,LF356 product folder,http://www.national.com/pf/LF/LF356.html,product_page,medium,Legacy product page URL seen in an amplifier database (db_AMP.txt). Now dead.
LF356,Texas Instruments,SNOSBH0,D,SNOSBH0D – MAY 2000 – REVISED NOVEMBER 2015,"LFx5x JFET Input Operational Amplifiers (LF155, LF156, LF256, LF257, LF355, LF356, LF357)",https://github.com/david-therincourt/labo-physapp/blob/main/datasheets/amplificateurs/lf356-357.pdf,distributor_mirror,high,"47 pages, 2,187,687 bytes, with a package addendum dated 8-Jan-2026, so it was fetched from TI in Jan 2026. Electrical tables match National's Dec 2001 edition. It keeps the detailed schematic and the '3 pF in LF357 series' note. Related Links list only LF156, LF256 and LF356."
LF356,Texas Instruments,SNOSBH0,D (as served in 2026),Nov 2015,LF356 datasheet (TI symlink),https://www.ti.com/lit/ds/symlink/lf356.pdf,vendor_current,medium,"The LPSlv/doc-extract benchmark fetched this URL in 2026 and recorded 47 pages and 2,187,691 bytes, consistent with SNOSBH0D. Revision identified by page and size match."
LF356,Texas Instruments,SNOSBH0 (presumed),unknown,unknown,LF357 datasheet (TI symlink used by KiCad for LF155/156/256/257/355/356/357),http://www.ti.com/lit/ds/symlink/lf357.pdf,vendor_legacy,low,"Datasheet link in the KiCad Amplifier_Operational library. Rev D has no LF357 product folder, so whether this link still resolves is unverified."
LF356,Texas Instruments,SNOSBH0,current,n/a,LF356 product page / GPN datasheet redirect,http://www.ti.com/lit/gpn/lf356,vendor_current,medium,Digi-Key's KiCad library links LF356N/NOPB to this URL. The product page is https://www.ti.com/product/LF356.
LF356,Texas Instruments,unknown,unknown,unknown,LF356-MIL JFET Input Operational Amplifier,https://www.ti.com/lit/ds/symlink/lf356-mil.pdf,vendor_current,low,"Separate military-grade datasheet. Only the URL and title were seen, cited in a GitHub electronics book."
LM318,Texas Instruments (ex-National),unconfirmed (TI SNOS-series literature number not seen this run),C,2013-03-20 (date given in a third-party citation; printed header not seen),LM118/LM218/LM318 Operational Amplifiers datasheet (Rev. C),https://www.ti.com/lit/ds/symlink/lm318-n.pdf,vendor_current,medium,Title and 'Rev. C' taken from a citation whose ref_url is ti.com/product/LM318-N. The same symlink is used by KiCad symbols LM318H/J/M/N. The symlink always serves the latest revision.
LM318,Texas Instruments (ex-National),unconfirmed,unknown,unknown (URL cited in a 2015 parts database),LM118-N datasheet symlink (presumably the same LM118/LM218/LM318 document),http://www.ti.com/lit/ds/symlink/lm118-n.pdf,vendor_current,low,Seen in hzeller/stuff-org as the datasheet for LM318N. Not checked whether it serves the same file as lm318-n.pdf.
LM318,Texas Instruments,unconfirmed,unknown,unknown (cited 2026-08),LM318 datasheet (TI product 'LM318'; document identity unknown),https://www.ti.com/lit/ds/symlink/lm318.pdf,vendor_current,low,Linked with product page ti.com/product/LM318 and orderables LM318N/P/D/DR by a third-party wiki. Unknown whether this is TI's own legacy LM318 datasheet or a merged ex-National document.
LM318,Texas Instruments,n/a,n/a,n/a,LM318-N product page,https://www.ti.com/product/LM318-N,product_page,medium,Seen as ref_url in the Rev. C citation.
LM318,Texas Instruments,n/a,n/a,n/a,LM318 product page,https://www.ti.com/product/LM318,product_page,low,Seen in the voltdocs-public entry (2026).
LM318,National Semiconductor,unconfirmed (National DS number not seen),unknown,unknown,LM118/LM218/LM318 Operational Amplifiers (National legacy datasheet),http://www.national.com/ds/LM/LM318.pdf,vendor_legacy,medium,"Legacy URL listed as 'documentation' for the LM318 macromodel in the werner2101/spicelib National op-amp index. The domain is dead, so it can only be retrieved through an archive."
LM318,National Semiconductor,unconfirmed,unknown,1998 (as cited),"Operational Amplifiers LM318 (National, 1998 edition per citation)",https://www.sigmaelectronica.net/manuals/LM318.pdf,third_party_mirror,low,A distributor mirror cited as 'National Semiconductor (1998). Operational Amplifiers LM318'. It likely freezes a pre-TI National revision. Header not seen.
LM318,Linear Technology,unknown,1990 databook edition,1990,"LT118A/LT318A (and LM118/LM318) data sheet, LTC 1990 Linear Databook p2-311",,vendor_legacy,medium,"Print databook only. The reference comes from the LTC SPICE library comments ('Ref. LT118A/LT318A data sheet, LTC 1990 databook p2-311'; 'Ref. LM318 data sheet, LTC 1990 databook p2-311'). No URL was found."
LM318,Digi-Key (TI),n/a,n/a,n/a,LM318N-NOPB product page,https://www.digikey.com/en/products/detail/texas-instruments/LM318N-NOPB/6180,product_page,medium,Cited alongside lm318-n.pdf in kragen/dernocua.
LM318,Mouser (TI),n/a,n/a,n/a,LM318D product page,https://www.mouser.com/ProductDetail/Texas-Instruments/LM318D?qs=0OT4q4QBUTJFgTgvvehd3Q%3D%3D,product_page,medium,TI-legacy style orderable (D = SOIC). The Mouser datasheet link may freeze a TI-legacy revision.
LM318,Mouser (TI),n/a,n/a,n/a,LM318N product page,https://www.mouser.com/ProductDetail/Texas-Instruments/LM318N?qs=X1J7HmVL2ZFYqJXaVDf3Tw%3D%3D,product_page,medium,From a Mouser part-URL list in the project scratchpad.
LM318,Mouser (TI),n/a,n/a,n/a,LM118H product page,https://www.mouser.com/ProductDetail/Texas-Instruments/LM118H?qs=X1J7HmVL2ZEOFQ1XxDEKbg%3D%3D,product_page,medium,TO-99 LM118 grade.
LT1115,Analog Devices (Linear Technology document),1115fa,A,unknown (not visible in any result seen),"LT1115 Ultralow Noise, Low Distortion Audio Op Amp",https://www.analog.com/media/en/technical-documentation/data-sheets/lt1115fa.pdf,vendor_current,medium,"Current ADI-hosted datasheet. The URL appears in the discovery notes and, over http, in a GitHub README (Julien5/sandbox). The 'fa' suffix is Linear's convention for Revision A. Header/footer date not seen. No '1115fb' (Rev B) was found anywhere."
LT1115,Analog Devices,lt1115,unknown (probably serves the current Rev A),unknown,LT1115 datasheet (unversioned alias),https://www.analog.com/media/en/technical-documentation/data-sheets/lt1115.pdf,vendor_current,low,"Seen only in a third-party fetch list (dfnr2/terra-eda-library fetch_adi.py), whose own worklist says analog.com blocks automated fetches. It may never have been checked. Unverified alias."
LT1115,Linear Technology,linear.com/docs/1612,unknown (the link served the then-current revision),unknown (link seen in library copies dated 2017-2019),"LT1115 datasheet (legacy linear.com document link, doc id 1612)",http://www.linear.com/docs/1612,vendor_legacy,medium,Datasheet link for LT1115 in the Wickerlib KiCad library (copies dated 2017-2019). linear.com now redirects to analog.com; try the Wayback Machine for older snapshots.
LT1115,Linear Technology,LT1115 (pre-Rev A),original,Dec 1989,LT1115 data sheet (original release),,vendor_legacy,low,"No online copy located. Its existence and date come from the LTC SPICE macromodel header: 'REF. LT1115 DATA SHEET, LTC DEC 1989' (model written 11-28-1989). Paper databooks (e.g. LTC Linear Databook 1990 and later) should hold this version."
LT1115,Analog Devices,-,-,-,LT1115 product page,https://www.analog.com/en/products/lt1115.html,product_page,high,"ADI product page, cited by the discovery notes and several GitHub projects. It should show lifecycle status and orderables (not verified this run)."
LT1115,Reichelt (distributor),-,unknown,-,Operational amplifier DIP-8 LT 1115 CN8 product page,https://www.reichelt.com/de/en/operational-amplifier-dip-8-lt-1115-cn8-p148545.html,product_page,low,Distributor listing referenced next to lt1115fa.pdf in Julien5/sandbox README. It may carry its own datasheet copy; revision unknown.
LT1122,Linear Technology,unknown (LTC footer code such as '1122fx' not seen),unknown,unknown,"LT1122 Fast Settling, JFET Input Operational Amplifier",http://cds.linear.com/docs/Datasheet/lt1122.pdf,vendor_legacy,low,"Legacy LTC datasheet URL, recorded as the documentation link for the LT1122 in the gEDA spicelib LTC op-amp index (werner2101/spicelib). The cds.linear.com host was retired after the ADI acquisition. The revision held at this URL is not identified; use the Wayback Machine to recover the snapshots."
LT1122,Analog Devices (Linear Technology),unknown,unknown,"unknown (captured for the Stanford TECS/Fonduer op-amp dataset, c. 2019-2020)","LT1122 datasheet (Mouser copy for LT1122CCN8#PBF, file AnalogDevicesLinearTechnology_LT1122CCN8PBF.pdf)",https://zenodo.org/record/4558344/files/mouser_opamps.tar.xz?download=1,third_party_mirror,low,A research-dataset tarball that contains the PDF Mouser served for LT1122CCN8#PBF. The 'Analog Devices / Linear Technology' vendor naming makes it an ADI-era Mouser copy. Supply-current labels taken from it: 7 / 7.5 / 7.8 mA typ. The revision was not visible because Zenodo could not be reached.
LT1358,Linear Technology / Analog Devices (Mouser distributor copy),135859f,B (file code 135859fb),unknown,"LT1358/LT1359 Dual and Quad 25MHz, 600V/µs Op Amps",https://www.mouser.de/datasheet/2/609/135859fb-2953807.pdf,distributor_mirror,medium,"The URL was found in KiCad files in the openUC2 repos (TechnicalDocs-openUC2-QBox, QuantumMiniLabs_ODMR) for an LT1358 in a TIA stage. The file name follows Linear's convention: 135859 = LT1358/59 doc code, 'f' = final, 'b' = Rev B, the same scheme as 13645fa = LT1364/65 Rev A. The title comes from the LT1364 Related Parts table. The PDF was not opened, so the printed date and footer are unconfirmed."
LT1358,Analog Devices,lt1355-56-57-58 (from the URL file name; unverified),E (as cited),2023 (as cited),"LT1358 Dual 25 MHz, 600 V/µs Operational Amplifier (title as cited by a third party)",https://www.analog.com/media/en/technical-documentation/data-sheets/lt1355-56-57-58.pdf,vendor_current,low,"Seen only in a student report bibliography (github.com/MartimAgostinho/CS-Lab2 Report/references.bib: 'Datasheet Rev. C/E, accessed 11 Jun 2025'). It would mean ADI merged the LT1355–LT1358 datasheets into one. Neither the file name nor the revision could be verified, and the citation may be wrong."
LT1361,Analog Devices (Linear Technology legacy doc),1360fa,A,unknown (footer not seen),"LT1360 - 50MHz, 800V/us Op Amp",https://www.analog.com/media/en/technical-documentation/data-sheets/1360fa.pdf,vendor_revision_specific,medium,"The URL appears as the Datasheet property in the Synchrotron-SOLEIL KiCad-Lib (ZZ_analogs.kicad_sym and KiCad_Lib.sql). The Stanford Fonduer op-amp dataset used '1360fa' as its source document for LT1360, LT1360CN8 and LT1360CS8. In Linear file codes 'fa' means Rev A. Whether this is still the newest revision was not verified."
LT1361,Linear Technology,unknown (Linear file code not seen),unknown,no date (as cited),"LT1361/LT1362 - Dual and Quad 50MHz, 800V/us Op Amps",http://www.linear.com/product/LT1361,product_page,medium,"The title and 12-page length come from the non-patent citation in US patent 7,298,173. The legacy product-page URL comes from the jps64/kicad-adi symbol docs. No PDF URL was found."
LT1361,Linear Technology,unknown,unknown,unknown,"LT1361/LT1362 - Dual and Quad 50MHz, 800V/us Op Amps (LT1362 product page)",http://www.linear.com/product/LT1362,product_page,medium,"Legacy linear.com product page for the quad, from the jps64/kicad-adi symbol docs (LT1362.S, SOIC-16). It shares a datasheet with the LT1361."
LT1361,Analog Devices / Linear Technology (LCSC mirror),unknown,unknown (contents not viewed),uploaded 2020-08-24 (per URL path),LT1361CS8#PBF datasheet (LCSC part C579720),https://atta.szlcsc.com/upload/public/pdf/source/20200824/C579720_E3C843831E8BF30D41BDE101BF52A14A.pdf,distributor_mirror,low,"Datasheet link stored in Altium schematic metadata (github.com/moerjie/2023-C-nuedc) for LT1361CS8#PBF, manufacturer ADI. Probably a frozen copy of the LT1361/LT1362 datasheet as of 2020; revision not confirmed."
MUSES8832,New JRC (New Japan Radio),MUSES8832 (Japanese edition),Ver.5,unknown (not shown in search summary),MUSES8832 2回路入り出力フルスイング高音質オペアンプ (Japanese datasheet),https://www.kyohritsu.com/eclib/OTHER/DATASHEET/JRC/muses8832.pdf,distributor_mirror,medium,Frozen copy from the retailer Kyohritsu (eleshop). The search-result title reads 'MUSES8832 - 1 - Ver.5 2 回路入り出力フルスイング高音質オペアンプ ■概要 ■外形'. It is unknown whether Ver.5 is the latest; the English edition was not located.
MUSES8832,Nisshinbo Micro Devices,n/a (product page),n/a,n/a,高音質オペアンプ MUSES8832 | 日清紡マイクロデバイス,https://www.nisshinbo-microdevices.co.jp/ja/MUSES/series/MUSES8832.html,product_page,high,"Current vendor MUSES series page (Japanese); it should link to the current datasheet PDF. Gives the headline specs: 2.1 nV/rtHz, 10 MHz GBW, 0.0009% THD, +/-1.35 V / +2.7 V operation, 600 ohm drive, -40 to +125 C."
MUSES8832,New JRC (New Japan Radio),n/a (product page),n/a,n/a,高音質オペアンプ MUSES8832 | MUSES オフィシャル Webサイト,https://www.njr.co.jp/products/MUSES/series/MUSES8832.html,product_page,high,Legacy New JRC MUSES official site page (from before the Nisshinbo merger). Good Wayback seed for older datasheet links.
MUSES8832,Kyohritsu eleshop (retailer),n/a (retail product page),n/a,n/a,2回路 ハイエンドオーディオ用出力フルスイング高音質オペアンプ / MUSES8832E,https://eleshop.jp/shop/g/gF22126/,product_page,medium,Retail listing for MUSES8832E. The Ver.5 datasheet above is probably the copy linked from it.
MUSES8832,Metoree (third-party catalogue),n/a (catalogue page),n/a,n/a,電子デバイス製品 オペアンプ (OP アンプ) MUSES8832シリーズ | 日清紡マイクロデバイス株式会社,https://metoree.com/products/131080/,product_page,low,Third-party catalogue entry for the MUSES8832 series. The datasheet revision it holds is unknown.
MUSES8921,Nisshinbo Micro Devices,n/a (product page; datasheet PDF linked from it),unknown (datasheet Ver. not seen),unknown (product launched 2025-10-09),MUSES8921 Series | Nisshinbo Micro Device (English product/spec page),https://www.nisshinbo-microdevices.co.jp/en/products/operational-amplifier/spec/?product=muses8921,product_page,high,Official English page. The URL and title appear in search results. The linked datasheet's version and date were not captured.
MUSES8921,Nisshinbo Micro Devices,n/a (product page),unknown,unknown (launch 2025-10),高音質オペアンプ MUSES8921 | 日清紡マイクロデバイス (Japanese MUSES series page),https://www.nisshinbo-microdevices.co.jp/ja/MUSES/series/MUSES8921.html,product_page,high,"Official Japanese MUSES page, which describes the part as the J-FET-input standard model based on MUSES8920/A. The URL was confirmed in search results; the datasheet version was not seen."
MUSES8921,Nisshinbo Micro Devices (listed by Akizuki Denshi),n/a (distributor listing),unknown,unknown,2回路入J-FET入力高音質オペアンプ MUSES8921 (Akizuki catalogue g131734),https://akizukidenshi.com/catalog/g/g131734/,product_page,medium,"Japanese distributor listing; the URL and title were confirmed in search results. Akizuki usually attaches a datasheet PDF, which may preserve the launch version, but that PDF and its Ver. were not seen."
NJM8801,New JRC (via Kyohritsu Electronic Industry eclib mirror),unknown,unknown (JRC 'Ver.' not read),unknown,NJM8801 datasheet,https://www.kyohritsu.com/eclib/OTHER/DATASHEET/JRC/njm8801.pdf,third_party_mirror,low,"URL taken from the discovery notes. Its contents could not be opened or summarized in this run: the web search budget was used up and direct fetches are blocked. The JRC folder suggests a copy from before 2022 with New JRC branding, which may be an early version."
NL8802,Nisshinbo Micro Devices,unknown (not seen),unknown (not seen),unknown (not seen),NL8802 product specification page (vendor page that links to the current datasheet),https://www.nisshinbo-microdevices.co.jp/en/products/operational-amplifier/spec/?product=nl8802,product_page,medium,URL recorded by the discovery lens. The page contents and the linked datasheet's version or date were not verified in this pass. No distributor or datasheet-site mirror copies were identified.
OP249,Analog Devices,OP249 (ADI data sheet; internal document number not verified),unknown (current revision not read),unknown,"OP249 data sheet: Precision JFET, High Speed, Dual Operational Amplifier (wording from the KiCad library description; exact PDF title not read)",https://www.analog.com/media/en/technical-documentation/data-sheets/OP249.pdf,vendor_current,medium,"Canonical ADI URL, used by the official KiCad symbol library (OP249, OP249GS) and dozens of project libraries; older copies use http://. The revision letter, date and revision-history table could not be read because web search was exhausted and non-GitHub hosts are blocked. No distributor or datasheet-site copies with identified revisions were found."
OPA1602,Texas Instruments,SBOS474,B (latest revision evidenced),APRIL 2011 – REVISED NOVEMBER 2011,"OPA1602, OPA1604 SoundPlus High-Performance, Bipolar-Input Audio Operational Amplifiers",https://www.ti.com/lit/ds/symlink/opa1602.pdf,vendor_current,medium,"TI's own SPICE model headers cite 'SBOS474B -APRIL 2011-REVISED NOVEMBER 2011': OPA1602.LIB dated 25JAN2019 and OPA160x.LIB dated 13JUN2022. A third-party log dated 2026-03-31 read SBOS474B p3/p4 as the current manufacturer PDF. So rev B appears to still be current, but the symlink PDF itself was not opened this run."
OPA1602,Texas Instruments,SBOS474,same document as opa1602.pdf (revision presumed B),,"OPA1602, OPA1604 SoundPlus High-Performance, Bipolar-Input Audio Operational Amplifiers (quad symlink)",https://www.ti.com/lit/ds/symlink/opa1604.pdf,vendor_current,medium,KiCad's official symbol library points both the OPA1602 and OPA1604 symbols at this URL. It is a shared family datasheet.
OPA1602,Texas Instruments,SBOS474,n/a,,OPA1602 product page,https://www.ti.com/product/OPA1602,product_page,high,Live product page; lists the datasheet and SPICE model.
OPA1602,Texas Instruments,SBOS474,n/a,,OPA1604 product page,https://www.ti.com/product/OPA1604,product_page,high,Live product page.
OPA1602,Texas Instruments (mirror),SBOS474,unknown,,"OPA1602, OPA1604 SoundPlus High-Performance ...",https://www.digchip.com/datasheets/3283823-opa1602-opa1604-soundplus.html,third_party_mirror,low,"Datasheet mirror seen in search results. The page header was not visible, so the frozen revision is unknown."
OPA1652,Texas Instruments,SBOS477,B,DECEMBER 2011 – REVISED DECEMBER 2016,"OPA165x SoundPlus™ Low Noise and Distortion, General-Purpose, FET-Input Audio Operational Amplifiers (OPA1652, OPA1654)",https://www.ti.com/lit/ds/symlink/opa1652.pdf,vendor_current,high,"Checked against a local copy of the symlink PDF (PDF ModDate 2026-08-11; package addendum dated 15-Jul-2026; keywords 'SBOS477,SBOS477B'; 51 pages including packaging drawings). Still the current revision as of Aug 2026. Local copy: /tmp/claude-0/-home-user-HiFi-Op-Amp-Legends-Map/f8f116a3-c1a3-5eda-a1ad-263f858ffade/scratchpad/opa1656/TI_OPA1652.pdf. Many KiCad libraries and the Horizon EDA pool also cite http://www.ti.com/lit/ds/symlink/opa1654.pdf; TI serves the same datasheet under both names."
OPA1652,Texas Instruments,SBOS477,current (B),,"OPA1652, OPA1654 product folder",https://www.ti.com/product/OPA1652,product_page,medium,"Vendor product page, taken from the discovery notes. Not fetched this run."
OPA1652,Texas Instruments,SBOS477,A,August 2016,"OPA1652, OPA1654 datasheet, Revision A",,vendor_revision_specific,high,Existence and date come from SBOS477B's revision history ('Changes from Revision A (August 2016) to Revision B'). No copy or URL was located; an inferred URL pattern is listed in archive_seed_urls only.
OPA1652,Texas Instruments,SBOS477,"(original, no letter)",December 2011,"OPA1652, OPA1654 datasheet, original release",,vendor_revision_specific,high,"Date comes from the 'DECEMBER 2011 – REVISED …' header of later revisions. Under TI's lettering, the unlettered original was the only version from Dec 2011 until Rev A in Aug 2016. No copy was located."
OPA1652,Texas Instruments (Mouser copy),SBOS477,unknown,,opa1654 datasheet (Mouser mirror),http://www.mouser.com/ds/2/405/opa1654-443342.pdf,distributor_mirror,low,URL seen only as the datasheet field for OPA1654AIPWR in a GitHub KiCad netlist (aheinous/usb_hexaphonic_soundcard). Revision not identified; it may freeze the original 2011 or Rev A text. Needs checking.
OPA1688,Texas Instruments,SBOS724,current (revision letter not retrieved),Original September 2015; latest revision date not retrieved,"OPA1688 36-V, Single-Supply, 10-MHz, Rail-to-Rail Output, SoundPlus Audio Operational Amplifier (current datasheet)",https://www.ti.com/lit/ds/symlink/opa1688.pdf,vendor_current,high,"TI symlink that always serves the latest revision. Cited by many designs from 2019 to 2026. Mouser links straight to this TI symlink rather than a frozen copy (seen with ts=1698782931096, about Oct 2023). An http:// variant (http://www.ti.com/lit/ds/symlink/opa1688.pdf) appears in older KiCad netlists. The title is taken from a TI-derived symbol description; confirm it against the PDF. It may have been re-titled to cover the quad OPA1689."
OPA1688,Texas Instruments,SBOS724,n/a,n/a,"OPA1688 product page (datasheet, models, EVM)",https://www.ti.com/product/OPA1688,product_page,high,"Product title is '36V, 10MHz, Low Distortion High Drive Rail-to-Rail Output Audio Operational Amplifier'. Lists the datasheet, PSpice model and OPA1688EVM (user's guide SBOU186, March 2017)."
OPA1688,Texas Instruments,SBOS724,n/a,n/a,OPA1688 GPN redirect,http://www.ti.com/lit/gpn/opa1688,vendor_current,medium,TI generic-part-number redirect to the product page and current datasheet (seen in the mjhagen/dap KiCad schematic).
OPA1688,"Texas Instruments (TI PSpice model, third-party GitHub mirror)",n/a (model header cites datasheet 'SBOS724 -SEPTEMBER 2015' and EVM guide 'SBOU186-March 2017'),Final 1.3,08JUN2022,"OPA168x PSpice macro-model, Final 1.3 (covers OPA1688 dual and OPA1689 quad)",https://github.com/chevalierid/alan-setup/blob/cf122ced7b84a18475356bcdca4c6fbbecd24047/fab/kicad/libraries/pspicetilib/OPA168x.LIB,third_party_mirror,high,"Not a datasheet. It is the only retrieved vendor text naming SBOS724, its first-issue date and the quad OPA1689. Change log: Final 1.2 updated Aol to match datasheet GBW, added R_Diff, updated slew rate 'as per the datasheet' and renamed OPA1688 to OPA168x. Final 1.3 moved R_NOISELESS inside the subckt and updated the PSpice symbol."
OPA1688,"Texas Instruments (TI PSpice model, third-party GitHub mirror)",n/a (model header cites datasheet 'SBOS724 -SEPTEMBER 2015'),Final 1.1,31JAN2019,"OPA1688 PSpice macro-model, Final 1.1",https://github.com/chevalierid/alan-setup/blob/cf122ced7b84a18475356bcdca4c6fbbecd24047/fab/kicad/libraries/pspicetilib/OPA1688.LIB,third_party_mirror,high,"Earlier model, dual only. Change log: Final 1.0 release to web; Final 1.1 updated claw, added Vos drift and simplified the FEMT subckt."
OPA1688,Texas Instruments (via Digi-Key),SBOS724,unknown,unknown,OPA1688ID distributor product page,https://www.digikey.com/en/products/detail/texas-instruments/OPA1688ID/6110580,product_page,medium,Distributor page. Which datasheet revision it links to was not retrieved.
OPA1688,Texas Instruments (via Mouser UK),SBOS724,unknown,unknown,OPA1688ID distributor product page (Mouser 595-OPA1688ID),https://www.mouser.co.uk/ProductDetail/Texas-Instruments/OPA1688ID?qs=yajEpaT76uTz90CW1g8NkQ%3D%3D,product_page,medium,"Mouser's datasheet link resolves to the TI symlink (HQS=dis-mous...), so it is not a frozen copy."
OPA1688,Texas Instruments (via Arrow),SBOS724,unknown,unknown,OPA1688ID distributor product page,https://www.arrow.com/en/products/opa1688id/texas-instruments,product_page,medium,Distributor page. Revision not retrieved.
OPA2156,Texas Instruments,SBOS900,unknown (latest at fetch time; B or later),unknown,"OPAx156 36-V ultra-low-noise rail-to-rail I/O op amp datasheet (current, via symlink)",https://www.ti.com/lit/ds/symlink/opa2156.pdf,vendor_current,medium,URL is referenced by the official KiCad symbol library (OPA2156xD / OPA2156xDGK) and many projects. That the symlink resolves to SBOS900 is inferred from TI's PSpice model naming SBOS900 as the OPA2156 datasheet. Current revision letter not seen.
OPA2156,Texas Instruments,SBOS900B,B,SEPTEMBER 2018 - REVISED JUNE 2019,"OPAx156 datasheet, revision B",https://www.ti.com/product/OPA2156,product_page,medium,"Revision string taken verbatim from the header of TI's PSpice macromodel OPA2156.LIB ('Datasheet: SBOS900B -SEPTEMBER 2018-REVISED JUNE 2019'; Model Version Final 1.1; released by TI Online Design Tools 18APR2022). The header is mirrored in GitHub repos VicKoz/LTspice_Library, chevalierid/alan-setup and Serhio4522/SEM_hitachi-. No copy of the rev B PDF was located. The revision-specific TI URL is inferred and listed only in archive_seed_urls."
THS4631,Texas Instruments,SLOS451C,C,SLOS451C – DECEMBER 2004 – REVISED MARCH 2025,"THS4631 High-Voltage, High-Slew-Rate, Wideband FET-Input Operational Amplifier datasheet",https://www.ti.com/lit/ds/symlink/ths4631.pdf,vendor_current,high,"TI's living symlink. It is cited by the KiCad THS4631DGN symbol and by a 2025 project bibliography (dated 2025-03, accessed 2025-09-29), which shows it served Rev C. A later revision would replace it silently. The Rev C PDF also links https://www.ti.com/lit/pdf/SLOS451."
THS4631,Texas Instruments,SLOS451C,C,SLOS451C – DECEMBER 2004 – REVISED MARCH 2025 (PDF CreationDate 2025-06-02; package addendum 23-May-2025),"THS4631 High-Voltage, High-Slew-Rate, Wideband FET-Input Operational Amplifier datasheet (Rev. C)",https://github.com/wirthda/usb-oscilloscope/blob/main/docs/datasheets/ths4631_opamp.pdf,third_party_mirror,high,"A frozen Rev C copy in a GitHub student project, read in full. PDF metadata: Keywords 'SLOS451C'. It contains the full revision history from Rev * to Rev C and the 2025 orderable/marking table."
THS4631,Texas Instruments,SLOS451B,B,SLOS451B – DECEMBER 2004 – REVISED AUGUST 2011 (PDF CreationDate 2019-03-21; package addendum 12-Aug-2017),High-Voltage High Slew Rate Wideband FET-Input Op Amp datasheet (Rev. B),https://github.com/studyHooligen/DataSheet/blob/master/opAmplifier/ths4631.pdf,third_party_mirror,high,"A frozen copy of TI's Rev B PDF, committed to GitHub on 2021-01-29 and read in full. PDF metadata: Title '... datasheet (Rev. B)', Keywords 'SLOS451,SLOS451B', Author 'Texas Instruments, Incorporated [SLOS451,B]'. This is the last revision describing the legacy silicon: Iq 11.5 mA typ / 13 mA max, output current 98/95 mA typ, 0.1 dB flatness 38 MHz with 8.2 pF, PowerPAD 'electrically isolated'. Its 2017 addendum lists D, DE4, DDA, DGN, DGNG4, DGNR, DGNRG4 and DR, all ACTIVE."
THS4631,Texas Instruments,SLOS451A,A,SLOS451A – DECEMBER 2004 – REVISED MARCH 2005,"THS4631 High-Voltage, High-Slew-Rate, Wideband FET-Input Operational Amplifier (Rev. A)",,archive,high,"Its existence and date are confirmed by the revision histories in SLOS451B and SLOS451C and by the header of TI's PSpice model THS4631.LIB (08JUL2011), which quotes 'SLOS451A – DECEMBER 2004 – REVISED MARCH 2005'. No PDF copy was located. Inferred TI URLs are in archive_seed_urls."
THS4631,Texas Instruments,SLOS451,* (original),December 2004,"THS4631 High-Voltage, High-Slew-Rate, Wideband FET-Input Operational Amplifier (original release)",,archive,high,"The original issue, known from the revision histories in Rev B ('Original (December 2004)') and Rev C ('Revision * (December 2004)'). It specified input impedance as 10^9 || 6.5 pF. No copy was located."
TLE2071,Texas Instruments,unknown (SLOS-series number not verified),unknown (current),unknown (a 2022+ citation of the TI copy gives December 2009),"TLE207x, TLE207xA Excalibur Low-Noise High-Speed JFET-Input Operational Amplifiers (current TI symlink)",https://www.ti.com/lit/ds/symlink/tle2071.pdf,vendor_current,medium,"URL seen as datasheet_url in the partinfo parts database (hed0rah/partinfo, tle2071.json). The single document covers the TLE2071/2072/2074 and A grades. The SLOS number and revision letter in the footer must be read from the PDF."
TLE2071,Texas Instruments,unknown,unknown (latest as of the citation),December 2009 (as cited),"TLE207x, TLE207xA Excalibur Low-noise High-speed JFET-input Operational Amplifiers",https://www.ti.com/lit/gpn/tle2071,product_page,medium,"Cited in a DTU MSEE thesis bibliography (s163555/MSEE_Thesis, bib.bib and bib_bibertool.bib: date 2009-12). This suggests the TI datasheet revision in force when the thesis was written (2022 or later) was dated December 2009. The Y die form is absent from the title."
TLE2071,Texas Instruments,unknown,unknown (current),unknown,TLE207x datasheet (TI product-literature redirect for the TLE2072),https://www.ti.com/lit/gpn/tle2072,product_page,medium,"Seen as the Datasheet property of a TLE2072CP KiCad symbol (maxwellmbooth/eeerover, 2026). It presumably resolves to the same TLE207x document."
TLE2071,Texas Instruments,unknown,unknown (older edition that includes the Y chip form),March 2000 (as cited: 'Marts 2000'),"TLE207x, TLE207xA, TLE207xY Excalibur Low-Noise High-Speed JFET-Input Operational Amplifiers",http://www.komponenten.es.aau.dk/fileadmin/komponenten/Data_Sheet/Linear/TLE2071.pdf,third_party_mirror,medium,"An Aalborg University component-library copy, cited in the UnicornRaceEngineering g5-documentation bibliography (Eks_Referencer.bib). It freezes an older revision whose title still includes the TLE207xY die form. The URL may be dead now, so try Wayback."
TLE2071,Texas Instruments,unknown,unknown (probably the revision current when uploaded; the '1810181614' filename stamp suggests 2018-10-18),unknown,TLE2072IDR datasheet (LCSC distributor copy),https://www.lcsc.com/datasheet/lcsc_datasheet_1810181614_Texas-Instruments-TLE2072IDR_C30340.pdf,distributor_mirror,medium,Seen as the Datasheet property of a TLE2072IDR footprint (eigenlucy/spacebridgehabpcb particle-counter.kicad_pcb). LCSC part C30340. Revision not verified.
TLE2081,Texas Instruments,unknown (TI SLOS-series literature number not verified),unknown (current revision served by TI),unknown,TLE208x/TLE208xA high-speed JFET-input op-amp datasheet (current TI symlink; exact title not seen),https://www.ti.com/lit/ds/symlink/tle2082a.pdf,vendor_current,medium,"The URL was seen as the Datasheet property in a KiCad schematic (prydin/classd-amp, input.kicad_sch), with tracking parameters removed. The TLE2081/2082/2084 and A grades very likely share this one document, but that is not verified. The header/footer (SLOS number, original and revised dates) must be read from the PDF."
TPA6120A2,Texas Instruments,SLOS431,B (latest revision seen),MARCH 2004 - REVISED FEBRUARY 2015,TPA6120A2 High Fidelity Headphone Amplifier,https://www.ti.com/lit/ds/symlink/tpa6120a2.pdf,vendor_current,medium,The symlink always serves TI's current revision. The header 'TPA6120A2 SLOS431B MARCH 2004 REVISED FEBRUARY 2015 ... 7 Specifications 7.1 Absolute Maximum Ratings' was seen only in a scraped third-party snippet (GitHub tualmenteyxh/ru). Need to confirm there is no later SLOS431C+. Soomal (2009) notes the datasheet includes a PCM1792 + TPA6120 typical application.
TPA6120A2,Texas Instruments,SLOS431,unknown (link cited in 2011; would then have served the original or Rev A),unknown,TPA6120A2 datasheet (legacy 'litv' link),http://www.ti.com/litv/slos431,vendor_legacy,low,Legacy TI literature redirect quoted in a 2011 linuxfr.org comment about NwAvGuy's O2 amp. Good seed for Wayback captures of pre-2015 revisions.
TPA6120A2,Texas Instruments,n/a,n/a,n/a,TPA6120A2 product folder,http://www.ti.com/product/TPA6120A2,product_page,high,TI product page (URL seen in tech234a/annotation-urls). Wayback captures may hold older datasheet links and status.
TPA6120A2,Texas Instruments,SLOS431,original (no letter),MARCH 2004,TPA6120A2 High Fidelity Headphone Amplifier (original issue),,archive,medium,Original issue date from the 'MARCH 2004' first-issue date printed on Rev B. No copy found in this session; try Wayback or datasheet-archive mirrors.
TPA6120A2,Texas Instruments,SLOS431A,A,unknown (between March 2004 and February 2015),TPA6120A2 High Fidelity Headphone Amplifier,,archive,low,Rev A must exist because TI letters revisions in sequence and Rev B exists. Its date and contents were not found.
uPC4570,NEC,G10528JJ8V0DS00,"8V0 (8th edition, decoded from NEC document-number convention JJ=Japanese, 8V0=ver. 8)",not seen,uPC4570 DS (Japanese NEC data sheet),https://wakamatsu.co.jp/biz/aac/G10528JJ8V0DS00.pdf,distributor_mirror,medium,"Copy hosted by the Japanese parts retailer Wakamatsu. The document number comes from the filename. The printed date and change log were not seen. The matching English edition would be G10528EJxVxDS00 (inferred, not seen)."
uPC4570,NEC,not seen (probably G10528JJ…),not seen,not seen,データ・シート Bipolar Analog Integrated Circuit バイポーラ・アナログ集積回路 µPC4570,https://suzushoweb.com/pdf_file/4d7de03535611.pdf,distributor_mirror,medium,"Copy from the Suzusho parts shop, linked from its µPC4570C product page. The edition was not identified and may differ from the Wakamatsu 8V0 copy."
uPC4570,NEC,not seen,not seen,not seen,データ・シート (NEC header: '本資料の内容は，予告なく変更することがありますので，最新のものであることをご確認の上ご使用ください。'),https://www.zaikostore.com/jsp/pdf/PDFFILE/NEC/FIL6032625.PDF,distributor_mirror,low,Found by a µPC4570 query and stored under the NEC folder of the Zaiko Store datasheet cache. The title is the standard NEC Electronics disclaimer. That it is the µPC4570 datasheet and which edition it holds are unverified.
uPC4570,Renesas,n/a (product page),n/a,n/a,"UPC4570 - High-Voltage, Bipolar Dual Operational Amplifier, Dual-Power Supply, Ultra Low-Noise, High-Speed, Wide Band for Consumer Products",https://www.renesas.com/en/products/upc4570,product_page,high,"Current Renesas product page, which should link the current datasheet. The Renesas datasheet document number (NEC G10528 re-covered, or a new R-series number) was not seen."
uPC4570,Renesas (NEC legacy document),not seen,not seen,notice refers to 2010-04-01 merger,お客様各位 カタログ等資料中の旧社名の扱いについて (Operational Amplifier/Comparator Information),https://www.renesas.com/ja/document/oth/operational-amplifiercomparator-information,vendor_legacy,low,Not the µPC4570 datasheet itself. It is an NEC-era op-amp/comparator line-up or information document that Renesas re-served with its notice about old company names. It shows that NEC-authored documents were carried over into the Renesas era with a cover notice.
